city,year,income,expend,gdp,gap,gap_to_gdp,income_growth,expend_growth
上海,2006,1576.07,1795.57,10825.4,219.5,0.020276387015722284,,
上海,2007,2074.48,2181.68,13179.8,107.19999999999982,0.00813365908435635,0.31623595398681537,0.21503478004199228
上海,2008,2358.75,2593.92,14877.1,235.17000000000007,0.015807516249806756,0.13703193089352506,0.1889553005023652
上海,2009,2540.3,2989.65,16181.4,449.3499999999999,0.027769537864461662,0.07696873343932165,0.15256060325684673
上海,2010,2873.58,3302.89,18319.6,429.30999999999995,0.023434463634577175,0.131197102704405,0.10477480641546655
上海,2011,3429.83,3914.88,20406.1,485.0500000000002,0.023769853132151672,0.193573869528602,0.18528924669002
上海,2012,3743.71,4184.02,21774.9,440.3100000000004,0.02022098838571017,0.09151473979759928,0.06874795651463139
上海,2013,4109.51,4528.61,23809.4,419.09999999999945,0.01760229153191594,0.09771055984571464,0.08235859293215597
上海,2014,4585.55,4923.44,25964.5,337.8899999999994,0.013013537714956938,0.11583862796294442,0.08718569274015642
上海,2015,5519.5,6191.56,27821.6,672.0600000000004,0.02415605141329041,0.20367240570923872,0.2575678793688967
上海,2016,6406.13,6918.94,30963.9,512.8099999999995,0.01656154424991682,0.1606359271673159,0.11747927824328586
上海,2017,6642.26,7547.62,34378.3,905.3599999999997,0.026335217273687168,0.0368600075240435,0.09086362939987924
上海,2018,7108.15,8351.54,37769.1,1243.3900000000012,0.03292082681345336,0.0701402835781797,0.10651304649677651
上海,2019,7165.1,8179.28,40241.2,1014.1799999999994,0.02520252875162767,0.008011929967713272,-0.020626136018027985
上海,2020,7046.3,8102.11,41603.9,1055.8099999999995,0.025377668920461772,-0.01658036873176927,-0.00943481577840588
上海,2021,7771.8,8430.86,47059.4,659.0600000000004,0.014004853440545362,0.10296183812781168,0.04057584999463115
上海,2022,7608.0,9393.0,48594.5,1785.0,0.03673255203778206,-0.021076198564039195,0.11412121657814267
上海,2023,8312.5,9638.51,51404.5,1326.0100000000002,0.02579560155239328,0.09259989484752884,0.026137549238794966
上海,2024,8374.17,9874.84,53759.5,1500.67,0.027914508133446182,0.0074189473684209695,0.024519349982518035
上海,2025,,,,,,0.0,0.0
乌鲁木齐,2006,57.04,49.53,654.3,-7.509999999999998,-0.01147791532935962,,
乌鲁木齐,2007,73.43,68.32,820.28,-5.110000000000014,-0.006229580143365697,0.28734221598877996,0.37936604078336345
乌鲁木齐,2008,100.98,99.35,1020.35,-1.6300000000000097,-0.001597491056990258,0.37518725316628077,0.4541861826697893
乌鲁木齐,2009,113.54,133.88,1095.0,20.33999999999999,0.018575342465753413,0.12438106555753614,0.3475591343734272
乌鲁木齐,2010,147.99,159.61,1338.5,11.620000000000005,0.008681359731042214,0.3034172978685925,0.19218703316402763
乌鲁木齐,2011,229.59,238.49,1690.03,8.900000000000006,0.005266178706886863,0.5513886073383336,0.4942046237704403
乌鲁木齐,2012,252.01,295.6,2004.1,43.59000000000003,0.021750411656105,0.09765233677424967,0.23946496708457388
乌鲁木齐,2013,301.9,353.2,2202.85,51.30000000000001,0.02328801325555531,0.19796833458989727,0.19485791610284164
乌鲁木齐,2014,340.62,404.81,2461.47,64.19,0.02607791279194953,0.128254388870487,0.14612117780294454
乌鲁木齐,2015,368.67,446.66,2631.64,77.99000000000001,0.029635512456111023,0.08234983265809404,0.103381833452731
乌鲁木齐,2016,369.67,417.56,2458.98,47.889999999999986,0.019475554904879254,0.00271245287113131,-0.06515022612277799
乌鲁木齐,2017,400.78,458.58,2743.82,57.80000000000001,0.02106552179078803,0.08415613925933929,0.09823737905929675
乌鲁木齐,2018,458.28,659.79,3099.77,201.51,0.06500804898427948,0.14347023304556106,0.4387674996729032
乌鲁木齐,2019,472.46,620.28,3413.0,147.82,0.04331087020216818,0.030941782316487698,-0.05988268994680124
乌鲁木齐,2020,392.64,536.87,3337.0,144.23000000000002,0.043221456397962245,-0.1689455191973923,-0.13447152898690906
乌鲁木齐,2021,377.93,419.59,3691.57,41.65999999999997,0.011285171349859265,-0.03746434392828035,-0.21845139419226256
乌鲁木齐,2022,314.82,455.77,3893.22,140.95,0.0362039648414423,-0.16698859577170377,0.08622703114945551
乌鲁木齐,2023,369.79,504.05,4168.0,134.26,0.03221209213051823,0.17460771234356143,0.10593062290190236
乌鲁木齐,2024,371.3,465.52,4502.16,94.21999999999997,0.020927732466193998,0.00408339868574048,-0.07644082928280926
乌鲁木齐,2025,,,,,,0.0,0.0
兰州,2006,33.14,63.13,638.47,29.990000000000002,0.0469716666405626,,
兰州,2007,46.63,83.3,732.76,36.669999999999995,0.05004367050603198,0.4070609535304768,0.3194994455884681
兰州,2008,50.86,99.66,846.28,48.8,0.05766413007515243,0.0907141325327041,0.1963985594237696
兰州,2009,57.04,119.83,926.0,62.79,0.06780777537796977,0.1215100275265435,0.2023881196066626
兰州,2010,72.76,146.93,1100.4,74.17,0.06740276263177027,0.2755960729312763,0.22615371776683646
兰州,2011,86.49,175.48,1360.03,88.99,0.06543238016808453,0.18870258383727312,0.19431021574899598
兰州,2012,103.73,202.6,1563.8,98.86999999999999,0.06322419746770687,0.19932940224303408,0.1545475267836791
兰州,2013,124.5,242.34,1776.28,117.84,0.06634089220167992,0.20023136990263168,0.19615004935834168
兰州,2014,152.33,280.1,2000.94,127.77000000000001,0.06385498815556688,0.22353413654618493,0.15581414541553196
兰州,2015,185.19,344.0,2095.99,158.81,0.0757684912618858,0.21571587999737396,0.2281328097108175
兰州,2016,215.48,424.16,2264.23,208.68000000000004,0.092163781947947,0.16356174739456764,0.23302325581395356
兰州,2017,234.2,429.36,2523.54,195.16000000000003,0.07733580605023103,0.0868758121403379,0.012259524707657565
兰州,2018,253.32,465.64,2732.94,212.32,0.07768922844994768,0.08163962425277549,0.08449785727594561
兰州,2019,233.23,456.66,2837.0,223.43000000000004,0.07875572788156504,-0.07930680562134851,-0.019285284769349653
兰州,2020,247.13,486.24,2887.0,239.11,0.08282299965361968,0.05959782189255236,0.06477466824333189
兰州,2021,276.73,484.59,3231.29,207.85999999999996,0.06432725010754217,0.11977501719742656,-0.0033933859822310453
兰州,2022,220.98,498.8,3343.5,277.82000000000005,0.08309256766861076,-0.20145990676833025,0.029323758228605667
兰州,2023,255.33,502.92,3487.0,247.59,0.07100372813306567,0.15544393157751846,0.008259823576583836
兰州,2024,251.91,547.64,3742.25,295.73,0.07902465094528693,-0.013394430736693774,0.08892070309393141
兰州,2025,,,,,,0.0,0.0
北京,2006,1117.15,1296.84,8618.9,179.68999999999983,0.020848368121221948,,
北京,2007,1492.64,1649.5,10730.4,156.8599999999999,0.01461828077238499,0.3361142192185471,0.27193794145769723
北京,2008,1837.32,1959.29,12167.6,121.97000000000003,0.0100241625299977,0.23091971272376455,0.18780842679599874
北京,2009,2026.81,2319.37,13335.7,292.55999999999995,0.021938105986187447,0.10313391243768089,0.1837808593929433
北京,2010,2353.93,2717.32,15420.2,363.3900000000003,0.023565842206975288,0.1613964801831449,0.1715767643799826
北京,2011,3006.28,3245.23,17653.3,238.94999999999982,0.01353571286954846,0.2771322851571629,0.1942759778016574
北京,2012,3314.93,3685.31,19568.3,370.3800000000001,0.0189275511924899,0.10266841411977579,0.13560826197218678
北京,2013,3661.11,4173.66,21746.0,512.5499999999997,0.023569851926791122,0.10443056112798765,0.1325125973120307
北京,2014,4027.16,4524.67,23577.5,497.5100000000002,0.021101049729615108,0.09998333838644546,0.08410124447127942
北京,2015,4723.86,5737.7,26034.1,1013.8400000000001,0.03894277121160325,0.17300032777441166,0.26809247967255057
北京,2016,5081.26,6406.77,28438.7,1325.5100000000002,0.04660937384620254,0.07565846574623314,0.11660944280809393
北京,2017,5430.79,6824.53,31325.9,1393.7399999999998,0.04449161875636453,0.06878805650566977,0.06520602425247035
北京,2018,5785.92,7471.43,35161.4,1685.5100000000002,0.04793637340947744,0.06539195954916321,0.09479041047515357
北京,2019,5817.1,7408.19,37767.0,1591.0899999999992,0.04212910742182326,0.005388944195564349,-0.008464243123471715
北京,2020,5483.89,7116.18,38503.6,1632.29,0.042393178819642836,-0.05728111945814929,-0.03941718557434393
北京,2021,5932.31,7205.12,44350.7,1272.8099999999995,0.028698757855005662,0.08177042209088814,0.012498278570806098
北京,2022,5714.36,7469.15,45222.4,1754.79,0.03880355752901217,-0.03673948259615578,0.03664477482678974
北京,2023,6181.1,7971.25,47353.7,1790.1499999999996,0.03780380413779704,0.08167843818030374,0.06722317800552946
北京,2024,6372.68,8396.49,49670.2,2023.8099999999995,0.040744953714702166,0.030994483182605004,0.05334671475615482
北京,2025,,,,,,0.0,0.0
南京,2006,246.44,262.46,2773.78,16.019999999999982,0.005775512117038835,,
南京,2007,330.19,342.94,3283.73,12.75,0.003882779643880587,0.33983931180003246,0.3066372018593311
南京,2008,386.56,404.67,3775.0,18.110000000000014,0.004797350993377487,0.17071988854901732,0.18000233276958078
南京,2009,434.51,461.27,4230.0,26.75999999999999,0.006326241134751771,0.12404283940397343,0.1398670521659624
南京,2010,518.8,542.18,5130.7,23.379999999999995,0.004556883076383339,0.19398863087155638,0.17540702842153189
南京,2011,635.0,666.21,6145.52,31.210000000000036,0.005078496205365866,0.2239784117193524,0.2287616658674243
南京,2012,733.02,769.66,7201.6,36.639999999999986,0.0050877582759386785,0.1543622047244093,0.1552813677368996
南京,2013,831.31,850.91,8011.78,19.600000000000023,0.002446397679417061,0.134089110801888,0.10556609411948137
南京,2014,903.49,921.2,8820.75,17.710000000000036,0.002007765779553897,0.0868268155080536,0.08260568097683674
南京,2015,1020.03,1045.57,9720.77,25.539999999999964,0.0026273638816678062,0.12898869937686075,0.13500868432479352
南京,2016,1142.6,1173.84,10503.02,31.24000000000001,0.0029743826061456617,0.12016313245688837,0.12267949539485645
南京,2017,1271.91,1354.09,11715.1,82.17999999999984,0.0070148782340739586,0.1131717136355681,0.1535558508825734
南京,2018,1470.02,1532.72,12820.4,62.700000000000045,0.004890643037658735,0.1557578759503424,0.13191885325199948
南京,2019,1580.03,1658.07,14031.0,78.03999999999996,0.0055619699237402865,0.07483571652086374,0.081782713085234
南京,2020,1637.7,1754.62,14818.0,116.91999999999985,0.007890403563233894,0.036499306975184,0.05823035215642269
南京,2021,1729.52,1817.73,16356.0,88.21000000000004,0.005393127904133042,0.0560664346339379,0.03596790188188903
南京,2022,1558.21,1828.69,16907.85,270.48,0.015997303027883502,-0.09905060363569085,0.006029498330335059
南京,2023,1619.98,1838.7,17421.0,218.72000000000003,0.0125549624016991,0.03964164008702298,0.005473863804144052
南京,2024,1596.02,1705.26,18500.81,109.24000000000001,0.005904606338857596,-0.014790306053161117,-0.0725730135421766
南京,2025,,,,,,0.0,0.0
南宁,2006,56.62,93.08,870.15,36.46,0.0419008216974085,,
南宁,2007,70.15,118.0,1069.01,47.849999999999994,0.04476104058895613,0.23896149770399178,0.2677266867211001
南宁,2008,191.17,166.08,1316.21,-25.089999999999975,-0.019062307686463387,1.7251603706343546,0.4074576271186441
南宁,2009,120.46,203.55,1525.0,83.09000000000002,0.054485245901639355,-0.36988021133022964,0.22561416184971095
南宁,2010,156.1,261.28,1800.3,105.17999999999998,0.0584235960673221,0.2958658475842604,0.28361581920903944
南宁,2011,186.29,302.31,2211.4,116.02000000000001,0.05246450212535046,0.19340166559897498,0.1570345988977344
南宁,2012,229.72,376.51,2503.2,146.79,0.058640939597315436,0.23313113962102094,0.24544341900697964
南宁,2013,256.25,418.4,2803.54,162.14999999999998,0.057837591045606616,0.1154884206860527,0.11125866510849636
南宁,2014,274.85,465.78,3148.3,190.92999999999995,0.06064542769113488,0.0725853658536586,0.11324091778202683
南宁,2015,297.05,526.72,3410.09,229.67000000000002,0.06735012858898153,0.08077132981626334,0.13083429945467828
南宁,2016,312.79,586.98,3703.33,274.19,0.07403877051194466,0.05298771250631207,0.11440613608748484
南宁,2017,332.15,646.37,4118.83,314.22,0.07628865478788881,0.061894561846606244,0.10117891580633076
南宁,2018,358.96,697.99,4026.91,339.03000000000003,0.08419110434551555,0.0807165437302424,0.07986137970512242
南宁,2019,370.93,789.2,4507.0,418.27000000000004,0.092804526292434,0.03334633385335417,0.13067522457341796
南宁,2020,372.25,819.86,4726.0,447.61,0.09471223021582734,0.0035586229207666964,0.03884946781550935
南宁,2021,392.0,778.0,5120.94,386.0,0.0753767862931415,0.05305574210879782,-0.05105749762154521
南宁,2022,392.68,838.93,5218.35,446.24999999999994,0.0855155365201644,0.0017346938775510967,0.07831619537275047
南宁,2023,400.88,816.48,5469.0,415.6,0.07599195465350156,0.020882143220943172,-0.026760277973132407
南宁,2024,381.16,796.99,5995.36,415.83,0.0693586373462144,-0.04919177808820585,-0.023870762296688275
南宁,2025,,,,,,0.0,0.0
南昌,2006,68.11,93.37,1183.9,25.260000000000005,0.021336261508573363,,
南昌,2007,87.22,116.86,1389.89,29.64,0.021325428631042743,0.28057553956834536,0.25157973653207666
南昌,2008,102.15,148.17,1660.08,46.01999999999998,0.027721555587682512,0.17117633570282043,0.2679274345370528
南昌,2009,115.88,181.75,1838.0,65.87,0.03583786724700762,0.13441018110621616,0.2266315718431533
南昌,2010,146.47,232.03,2200.1,85.56,0.038889141402663516,0.2639799792889197,0.27664374140302606
南昌,2011,187.03,299.37,2688.87,112.34,0.04177963233626022,0.27691677476616383,0.29022109210015956
南昌,2012,240.02,345.51,3000.5,105.48999999999998,0.035157473754374266,0.28332353098433405,0.15412365968533925
南昌,2013,291.91,419.37,3336.03,127.45999999999998,0.038207090463814763,0.216190317473544,0.21377094729530266
南昌,2014,342.21,473.16,3667.96,130.95000000000005,0.03570104363188258,0.17231338426227238,0.1282638243078904
南昌,2015,389.34,543.18,4000.01,153.83999999999997,0.03845990385024037,0.13772245112650117,0.1479837687040324
南昌,2016,402.18,583.26,4354.99,181.07999999999998,0.041579888817195904,0.0329788873478194,0.07378769468684432
南昌,2017,417.08,653.12,5003.19,236.04000000000002,0.04717790049948134,0.037048087920831474,0.11977505743579187
南昌,2018,461.75,752.41,5274.67,290.65999999999997,0.05510486911977431,0.10710175505898145,0.15202413032827033
南昌,2019,477.0,834.11,5596.0,357.11,0.06381522516082917,0.03302652950730911,0.10858441541181008
南昌,2020,483.86,838.17,5746.0,354.30999999999995,0.06166202575704837,0.014381551362683487,0.0048674635239955855
南昌,2021,484.83,870.01,6650.53,385.18,0.05791718855489713,0.002004712106807638,0.03798752043141618
南昌,2022,457.68,939.04,7203.5,481.35999999999996,0.06682307211772055,-0.05599900996225482,0.07934391558717713
南昌,2023,500.18,925.55,7213.0,425.36999999999995,0.05897268820185775,0.09285963992309032,-0.014365735218947018
南昌,2024,526.21,940.07,7800.37,413.86,0.053056457578294365,0.0520412651445481,0.015687969315542283
南昌,2025,,,,,,0.0,0.0
厦门,2006,136.17,159.13,1168.02,22.960000000000008,0.019657197650725166,,
厦门,2007,186.53,198.66,1387.85,12.129999999999995,0.008740137622941959,0.36983182786223123,0.24841324703072964
厦门,2008,220.23,238.09,1560.02,17.860000000000014,0.011448571172164468,0.1806679890634213,0.19847981475888465
厦门,2009,240.56,268.05,1737.0,27.49000000000001,0.015826137017846867,0.09231258230032235,0.12583476836490415
厦门,2010,289.17,306.95,2060.1,17.779999999999973,0.008630648997621462,0.20207016960425683,0.14512217869800392
厦门,2011,370.77,389.07,2539.31,18.30000000000001,0.007206682130184976,0.2821869488536153,0.26753542922300055
厦门,2012,422.91,460.98,2817.1,38.06999999999999,0.013513897270242445,0.14062626426086267,0.18482535276428402
厦门,2013,490.6,516.74,3018.16,26.139999999999986,0.008660905982452881,0.16005769549076643,0.12095969456375544
厦门,2014,543.8,548.25,3273.58,4.4500000000000455,0.0013593680313296287,0.10843864655523827,0.06097844176955536
厦门,2015,606.1,651.17,3466.03,45.069999999999936,0.013003349653638294,0.11456417800662022,0.1877245782033743
厦门,2016,647.94,758.64,3784.27,110.69999999999993,0.029252669603384518,0.0690315129516581,0.1650413870417864
厦门,2017,696.87,797.1,4351.7,100.23000000000002,0.023032378151067404,0.07551625150476893,0.05069598228408734
厦门,2018,754.54,892.5,4791.41,137.96000000000004,0.028793194487635173,0.0827557507139065,0.11968385397064352
厦门,2019,768.38,912.98,5995.0,144.60000000000002,0.02412010008340284,0.018342301269647754,0.02294677871148454
厦门,2020,783.94,976.91,6384.0,192.9699999999999,0.030227130325814523,0.020250396939014648,0.07002343972485692
厦门,2021,880.96,1060.0,7033.89,179.03999999999996,0.025453909572085993,0.1237594713881165,0.08505389442220879
厦门,2022,883.81,1088.74,7802.66,204.93000000000006,0.026264120184654984,0.003235107155829864,0.027113207547169837
厦门,2023,932.14,1084.65,8066.0,152.5100000000001,0.01890776097198117,0.05468369898507608,-0.003756636111468259
厦门,2024,933.35,1059.2,8589.01,125.85000000000002,0.014652445392425904,0.0012980882700024399,-0.023463790162725373
厦门,2025,,,,,,0.0,0.0
合肥,2006,79.4,102.89,1073.76,23.489999999999995,0.021876396960214567,,
合肥,2007,169.32,167.08,1334.61,-2.2399999999999807,-0.001678392938761122,1.1324937027707804,0.6238701525901449
合肥,2008,222.08,222.25,1664.84,0.1699999999999875,0.00010211191465845817,0.3115993385305931,0.33020110126885305
合肥,2009,180.9,245.86,2102.0,64.96000000000001,0.03090390104662227,-0.18542867435158505,0.10623172103487066
合肥,2010,259.43,317.72,2701.6,58.29000000000002,0.021576103050044426,0.4341072415699281,0.2922801594403319
合肥,2011,338.51,474.89,3636.6,136.38,0.037502062365946214,0.3048221100104074,0.49468085106382964
合肥,2012,389.5,572.1,4164.3,182.60000000000002,0.04384890617870951,0.15063070514903543,0.20470003579776375
合肥,2013,438.62,630.89,4672.91,192.26999999999998,0.0411456672608717,0.1261103979460847,0.10276175493794781
合肥,2014,500.34,698.79,5157.97,198.45,0.038474438587273674,0.1407140577265058,0.10762573507267503
合肥,2015,571.54,772.66,5660.27,201.12,0.035531873921208705,0.14230323380101528,0.10571130096309345
合肥,2016,614.85,859.85,6274.38,245.0,0.0390476827989379,0.07577772334394806,0.11284394170786638
合肥,2017,655.9,965.34,7213.45,309.44000000000005,0.04289764259820198,0.06676425144344145,0.12268418910275058
合肥,2018,712.49,1004.91,7822.91,292.41999999999996,0.03737995196161019,0.08627839609696597,0.040990739014233224
合肥,2019,745.99,1122.67,9409.0,376.68000000000006,0.040034009990434695,0.047018203764263466,0.1171846234986218
合肥,2020,762.9,1164.35,10046.0,401.44999999999993,0.03996117857853872,0.022667864180484942,0.03712578050540216
合肥,2021,844.22,1223.72,11412.8,379.5,0.03325213795037151,0.10659326255079304,0.050989822647829364
合肥,2022,909.25,1380.18,12013.1,470.93000000000006,0.03920137183574598,0.0770296842055389,0.1278560455006048
合肥,2023,929.63,1411.34,12674.0,481.7099999999999,0.03800773236547261,0.02241407753643121,0.02257676534944708
合肥,2024,955.01,1581.06,13507.69,626.05,0.04634767306623116,0.02730118434215756,0.12025450989839448
合肥,2025,,,,,,0.0,0.0
呼和浩特,2006,45.52,75.5,900.08,29.979999999999997,0.0333081503866323,,
呼和浩特,2007,57.96,100.51,1101.13,42.550000000000004,0.03864212218357505,0.27328646748681895,0.3312582781456954
呼和浩特,2008,82.25,133.18,1316.37,50.93000000000001,0.03868973009108382,0.4190821256038648,0.32504228434981597
呼和浩特,2009,106.79,165.16,1644.0,58.36999999999999,0.03550486618004865,0.2983586626139818,0.24012614506682683
呼和浩特,2010,126.76,177.28,1865.7,50.519999999999996,0.02707830840971217,0.18700252832662234,0.07338338580770176
呼和浩特,2011,151.43,255.67,2177.27,104.23999999999998,0.04787646915632879,0.19461975386557273,0.442181859205776
呼和浩特,2012,178.64,275.32,2475.6,96.68,0.03905315883018259,0.17968698408505568,0.07685688582938943
呼和浩特,2013,182.02,294.84,2710.39,112.81999999999996,0.04162500599544714,0.01892073443797604,0.07089931715821574
呼和浩特,2014,211.54,310.91,2894.05,99.37000000000003,0.0343359651699176,0.16217998022195346,0.05450413783747132
呼和浩特,2015,247.4,360.65,3090.52,113.24999999999997,0.03664431875541979,0.16951876713623903,0.15998198835675903
呼和浩特,2016,269.65,419.97,3173.59,150.32000000000005,0.04736591683235706,0.08993532740501209,0.1644807985581591
呼和浩特,2017,201.5,403.04,2743.72,201.54000000000002,0.07345501727581533,-0.2527350268867049,-0.0403124032669
呼和浩特,2018,204.72,356.74,2903.5,152.02,0.05235749956948511,0.015980148883374623,-0.11487693529178244
呼和浩特,2019,203.12,417.92,2791.0,214.8,0.07696166248656396,-0.007815552950371174,0.17149744912261022
呼和浩特,2020,217.1,438.57,2801.0,221.47,0.07906818993216708,0.06882630957069713,0.04941137059724343
呼和浩特,2021,228.92,420.75,3121.43,191.83,0.06145580711404709,0.05444495624136336,-0.040632054176072185
呼和浩特,2022,230.87,420.98,3329.1,190.11,0.05710552401549969,0.008518259654027638,0.000546642899584171
呼和浩特,2023,238.06,592.97,3802.0,354.91,0.09334823776959496,0.03114306752717977,0.40854672430994343
呼和浩特,2024,255.12,581.61,4107.08,326.49,0.07949443400177256,0.07166260606569774,-0.019157798876840326
呼和浩特,2025,,,,,,0.0,0.0
哈尔滨,2006,118.29,194.68,2094.08,76.39,0.036479026589242056,,
哈尔滨,2007,132.05,232.38,2436.8,100.32999999999998,0.04117284963887064,0.11632428776735138,0.193651119786316
哈尔滨,2008,164.01,301.27,2868.19,137.26,0.047855964911669026,0.24202953426732288,0.29645408382821237
哈尔滨,2009,193.36,348.41,3175.0,155.05,0.04883464566929134,0.17895250289616493,0.15647093968865144
哈尔滨,2010,238.14,452.97,3664.9,214.83000000000004,0.05861824333542526,0.23158874637980942,0.30010619672225247
哈尔滨,2011,300.32,557.14,4242.19,256.82,0.06053948550159234,0.2611069119005627,0.22997107976245657
哈尔滨,2012,354.72,643.58,4550.2,288.86,0.06348292382752407,0.18114011720831136,0.15514951358724938
哈尔滨,2013,402.28,709.78,5017.05,307.5,0.061290997697850326,0.13407758231844813,0.10286211504397258
哈尔滨,2014,423.52,740.08,5340.07,316.56000000000006,0.05928012179615624,0.05279904544098635,0.04268928400349403
哈尔滨,2015,407.73,824.84,5751.21,417.11,0.072525607654737,-0.03728277295050997,0.11452815911793324
哈尔滨,2016,376.24,876.29,6101.61,500.04999999999995,0.08195377941231904,-0.07723248227994017,0.062375733475583006
哈尔滨,2017,368.1,958.47,6355.05,590.37,0.09289777421106049,-0.021635126514990444,0.09378173892204633
哈尔滨,2018,384.37,962.17,6300.48,577.8,0.0917072984915435,0.04419994566693819,0.0038603190501527163
哈尔滨,2019,370.91,1101.14,5249.0,730.23,0.1391179272242332,-0.035018341702005795,0.14443393579097275
哈尔滨,2020,339.57,1162.25,5184.0,822.6800000000001,0.158695987654321,-0.08449489094389484,0.05549703035036413
哈尔滨,2021,365.81,992.08,5351.66,626.27,0.11702350298785798,0.0772741997231794,-0.1464142826414282
哈尔滨,2022,,,5490.1,,,0.0,0.0
哈尔滨,2023,313.07,1080.7,5576.0,767.6300000000001,0.13766678622668582,-0.14417320466909056,0.08932747359083937
哈尔滨,2024,337.84,1257.56,6016.33,919.72,0.15287060383988246,0.07911968569329542,0.16365318774868132
哈尔滨,2025,,,,,,0.0,0.0
大连,2006,196.14,266.52,2569.67,70.38,0.027388730848708197,,
大连,2007,267.98,344.57,3130.68,76.58999999999997,0.024464333627199197,0.3662689915366577,0.29284856671169157
大连,2008,339.07,410.0,3858.25,70.93,0.018383982375429278,0.26528099111874015,0.1898888469686857
大连,2009,400.23,471.16,4350.0,70.93,0.016305747126436784,0.18037573362432546,0.1491707317073172
大连,2010,500.83,611.47,5158.2,110.64000000000004,0.021449342793997916,0.25135547060440233,0.29779692673401814
大连,2011,651.13,734.94,6150.63,83.81000000000006,0.013626246417033711,0.3001018309606054,0.20192323417338542
大连,2012,750.11,890.96,7002.8,140.85000000000002,0.020113383218141316,0.1520126549229801,0.2122894385936267
大连,2013,850.16,1083.54,7650.79,233.38,0.030504039452135007,0.13338043753582807,0.21614887312561715
大连,2014,780.86,989.46,7655.58,208.60000000000002,0.0272480987723987,-0.08151406794015237,-0.08682651309596312
大连,2015,579.91,910.69,7731.64,330.7800000000001,0.04278264378579449,-0.2573444663576058,-0.07960907970003839
大连,2016,611.9,870.28,6810.2,258.38,0.03794014860062847,0.055163732303288526,-0.044372947984495315
大连,2017,657.64,919.84,7363.92,262.20000000000005,0.035606035915653624,0.07475077627063254,0.056947189410304855
大连,2018,703.99,1001.49,7668.48,297.5,0.0387951719245535,0.07047928958092586,0.08876543746738563
大连,2019,692.84,1016.28,7002.0,323.43999999999994,0.046192516423878886,-0.015838293157573236,0.014767995686427282
大连,2020,702.68,1001.98,7030.0,299.30000000000007,0.042574679943101004,0.014202413255585578,-0.014070925335537443
大连,2021,737.6,980.05,7825.95,242.44999999999993,0.03098026437684881,0.04969545169920875,-0.021886664404479172
大连,2022,669.77,991.08,8430.95,321.31000000000006,0.038110770435122975,-0.0919604121475055,0.011254527830212746
大连,2023,750.24,1013.5,8753.0,263.26,0.03007654518450817,0.12014572166564652,0.022621786334100058
大连,2024,774.77,1085.14,9516.87,310.3700000000001,0.03261261318059405,0.03269620388142447,0.07068574247656656
大连,2025,,,,,,0.0,0.0
天津,2006,417.05,543.12,3592.5,126.07,0.03509255393180236,,
天津,2007,540.44,674.33,4229.8,133.89,0.03165397891153245,0.2958638052991249,0.24158565326263082
天津,2008,675.62,867.72,5278.3,192.10000000000002,0.03639429361726314,0.2501295240914809,0.28678836771313754
天津,2009,821.99,1124.28,5828.6,302.28999999999996,0.05186322616065606,0.21664545158521054,0.2956714147420827
天津,2010,1068.81,1376.84,6991.6,308.03,0.04405715429944504,0.3002712928381124,0.22464154836873362
天津,2011,1455.13,1796.33,8240.8,341.1999999999998,0.041403747209008815,0.36144871399032596,0.3046759245809245
天津,2012,1760.02,2143.21,9193.0,383.19000000000005,0.04168280213205701,0.20952767106718984,0.1931048304042131
天津,2013,2079.07,2549.21,10075.2,470.1399999999999,0.046663093536604715,0.18127634913239632,0.18943547295878616
天津,2014,2390.35,2884.7,10749.2,494.3499999999999,0.04598946898373831,0.1497207886218357,0.1316054777754676
天津,2015,2667.11,3232.35,10889.2,565.2399999999998,0.05190831282371522,0.11578220762649827,0.12051513155614102
天津,2016,2723.5,3699.43,11487.0,975.9299999999998,0.08495951945677721,0.02114273502030284,0.14450167834547623
天津,2017,2310.36,3282.54,12468.2,972.1799999999998,0.07797276270832998,-0.15169451073985674,-0.11269033337568213
天津,2018,2106.24,3103.16,13411.1,996.9200000000001,0.07433543855463012,-0.0883498675531087,-0.05464670651385817
天津,2019,2410.41,3555.71,14097.2,1145.3000000000002,0.08124308373293988,0.14441374202370105,0.14583521313757597
天津,2020,1923.11,3151.35,14230.8,1228.24,0.08630857014363212,-0.20216477694666057,-0.11372131023058685
天津,2021,2141.06,3152.55,16093.2,1011.4900000000002,0.0628520120299257,0.11333205068872809,0.00038078918558714925
天津,2022,1846.69,2729.83,16588.5,883.1399999999999,0.053238086626277235,-0.13748797324689632,-0.13408827774341414
天津,2023,2027.51,3280.42,17211.8,1252.91,0.07279366481135036,0.09791573030665668,0.2016938783733786
天津,2024,2134.2,3627.18,17931.3,1492.98,0.08326111324889997,0.052621195456495906,0.1057059766737185
天津,2025,,,,,,0.0,0.0
太原,2006,75.33,95.42,1013.65,20.090000000000003,0.019819464312139302,,
太原,2007,88.42,155.8,1254.94,67.38000000000001,0.05369180996701038,0.1737687508296828,0.6327813875497801
太原,2008,116.92,152.86,1468.09,35.94000000000001,0.024480787962590858,0.3223252657769735,-0.01887034659820286
太原,2009,117.53,159.91,1545.0,42.379999999999995,0.02743042071197411,0.005217242559014679,0.046120633259191246
太原,2010,138.48,189.64,1778.1,51.16,0.02877228502333952,0.17825236109929365,0.18591707835657556
太原,2011,174.72,239.31,2080.12,64.59,0.031051093206161187,0.2616984402079723,0.2619173170217255
太原,2012,215.67,277.44,2311.4,61.77000000000001,0.02672406333823657,0.234375,0.159333082612511
太原,2013,247.33,319.11,2412.87,71.78,0.02974880536456585,0.14679834932999491,0.15019463667820077
太原,2014,258.85,322.69,2531.09,63.839999999999975,0.02522233504142483,0.046577447135406125,0.01121870201497921
太原,2015,274.24,419.99,2735.34,145.75,0.05328405243955047,0.0594552829824222,0.30152778208187425
太原,2016,282.69,424.07,2955.6,141.38,0.047834619028285286,0.030812427071178483,0.009714517012309853
太原,2017,311.85,479.06,3382.18,167.20999999999998,0.04943852781342211,0.1031518624641834,0.12967198811516978
太原,2018,373.23,542.46,3884.48,169.23000000000002,0.043565676744377634,0.1968253968253968,0.13234250407047132
太原,2019,386.62,610.55,4029.0,223.92999999999995,0.05557954827500619,0.03587600139324265,0.12552077572539888
太原,2020,378.44,647.34,4153.0,268.90000000000003,0.06474837466891405,-0.02115772593244014,0.0602571451969538
太原,2021,423.44,628.99,5121.61,205.55,0.040133864155997824,0.1189092062149879,-0.02834677294775545
太原,2022,437.48,715.9,5571.17,278.41999999999996,0.049975139871876094,0.03315699981107123,0.13817389783621348
太原,2023,449.24,777.26,5574.0,328.02,0.058848223896663075,0.026881228856176165,0.08571029473390146
太原,2024,440.26,744.38,5418.87,304.12,0.05612240190297978,-0.019989315288042042,-0.04230244705761266
太原,2025,,,,,,0.0,0.0
宁波,2006,257.38,292.7,2874.44,35.31999999999999,0.012287610804191423,,
宁波,2007,329.12,371.04,3435.0,41.920000000000016,0.012203784570596803,0.2787318361955087,0.2676460539801846
宁波,2008,390.39,439.41,3964.05,49.02000000000004,0.012366140689446409,0.18616310160427796,0.18426584734799478
宁波,2009,432.8,506.08,4329.0,73.27999999999997,0.016927696927696922,0.10863495478880103,0.15172617828451784
宁波,2010,530.93,600.74,5163.0,69.81000000000006,0.013521208599651377,0.22673290203327157,0.1870455263989883
宁波,2011,657.55,750.72,6059.24,93.17000000000007,0.015376515866676361,0.23848718286779813,0.24965875420314942
宁波,2012,725.5,828.44,6582.2,102.94000000000005,0.015639148005226224,0.1033381491901757,0.10352728047740833
宁波,2013,792.81,939.89,7128.87,147.08000000000004,0.020631600800687912,0.09277739490006875,0.13452995992467764
宁波,2014,860.61,1000.86,7610.28,140.25,0.018429019694413348,0.08551859840314835,0.06486929321516355
宁波,2015,1006.41,1252.64,8003.61,246.23000000000013,0.030764867353606704,0.16941471746784242,0.2515636552564795
宁波,2016,1114.54,1289.26,8686.49,174.72000000000003,0.020113993108839132,0.10744130125893037,0.029234257248690776
宁波,2017,1245.29,1410.6,9842.1,165.30999999999995,0.016796212190487797,0.11731297216788983,0.09411600452973024
宁波,2018,1379.69,1594.1,10745.46,214.40999999999985,0.019953543170790258,0.10792666768383286,0.1300864880192827
宁波,2019,1468.51,1767.89,11985.0,299.3800000000001,0.02497955778055904,0.06437678029122473,0.10902076406749894
宁波,2020,1510.84,1742.09,12409.0,231.25,0.01863566766056894,0.028825135681745495,-0.014593668158086825
宁波,2021,1723.14,1944.42,14594.92,221.27999999999997,0.015161439733825192,0.14051785761563118,0.11614210517252266
宁波,2022,1680.23,2187.81,15704.3,507.5799999999999,0.03232108403430907,-0.024902213401116646,0.12517357361063963
宁波,2023,1785.86,2235.09,16453.0,449.23000000000025,0.02730383516683889,0.06286639329139465,0.02161065174763821
宁波,2024,1790.47,2230.37,18147.7,439.89999999999986,0.024239986334356412,0.0025813893586283942,-0.0021117717854762796
宁波,2025,,,,,,0.0,0.0
广州,2006,427.08,506.79,6073.83,79.71000000000004,0.013123515146126915,,
广州,2007,523.79,623.69,7109.18,99.90000000000009,0.014052253565108787,0.22644469420249136,0.23066753487637892
广州,2008,621.84,713.35,8215.82,91.50999999999999,0.01113826739144723,0.18719334084270423,0.14375731533293767
广州,2009,702.65,789.92,9138.0,87.26999999999998,0.009550229809586341,0.1299530425833011,0.1073386135837946
广州,2010,872.65,977.32,10748.3,104.67000000000007,0.009738284193779489,0.24194122251476546,0.23723921409763027
广州,2011,979.48,1181.25,12423.44,201.76999999999998,0.01624107332590651,0.12242021428980698,0.208662464699382
广州,2012,1102.4,1343.65,13551.2,241.25,0.017802851407993387,0.125495160697513,0.13748148148148154
广州,2013,1141.8,1386.13,15420.14,244.33000000000015,0.015844862627706374,0.03574020319303317,0.03161537602798359
广州,2014,1243.1,1436.22,16706.87,193.12000000000012,0.011559316616457788,0.08871956559817828,0.036136581705900506
广州,2015,1349.47,1727.72,18100.41,378.25,0.0208973166906164,0.08556833722146262,0.2029633343081143
广州,2016,1393.64,1943.75,19547.44,550.1099999999999,0.02814230405618331,0.03273136861138082,0.12503762183687162
广州,2017,1536.74,2186.01,21503.15,649.2700000000002,0.03019418085257277,0.10268074969145546,0.12463536977491962
广州,2018,1634.22,2506.18,22859.35,871.9599999999998,0.038144566665281376,0.0634329815063055,0.14646319092776316
广州,2019,1699.04,2865.33,23629.0,1166.29,0.04935841550636929,0.03966418230103663,0.14330574819047315
广州,2020,1722.79,2952.65,25019.0,1229.8600000000001,0.049157040649106684,0.013978481966286926,0.030474674819305436
广州,2021,1884.26,3021.18,28231.97,1136.9199999999998,0.04027065769763852,0.0937258748889882,0.023209659119773685
广州,2022,1855.1,3022.45,28839.0,1167.35,0.04047817191996948,-0.015475571311814762,0.00042036555253255337
广州,2023,1945.06,2971.65,30356.0,1026.5900000000001,0.033818355514560555,0.04849334267694472,-0.016807556783404065
广州,2024,1954.74,2782.5,31032.5,827.76,0.026673970837025697,0.004976710230018666,-0.06365150673868059
广州,2025,,,,,,0.0,0.0
成都,2006,186.77,252.24,2750.48,65.47,0.023803118001221604,,
成都,2007,286.38,356.05,3324.17,69.67000000000002,0.02095861523327628,0.5333297638807089,0.4115524896923566
成都,2008,354.69,506.43,3900.99,151.74,0.03889781824613752,0.23852922690131995,0.4223564106164863
成都,2009,387.36,600.97,4503.0,213.61,0.04743726404619143,0.09210860187769598,0.18667930414864853
成都,2010,526.94,777.38,5551.3,250.43999999999994,0.04511375713796767,0.3603366377529946,0.29354210692713445
成都,2011,680.69,857.87,6854.58,177.17999999999995,0.02584841084355277,0.29177895016510424,0.10354009622063853
成都,2012,780.9,983.85,8138.9,202.95000000000005,0.024935802135423714,0.14721826382053482,0.146852087146071
成都,2013,898.54,1161.75,9108.89,263.21000000000004,0.028895946707008215,0.15064668971699313,0.18082024698887023
成都,2014,1025.17,1340.0,10056.59,314.8299999999999,0.0313058402500251,0.14092861753511254,0.15343232192812573
成都,2015,1157.64,1468.42,10801.16,310.78,0.028772835510260008,0.12921759317966774,0.09583582089552234
成都,2016,1175.41,1595.89,12170.23,420.48,0.03454988114439908,0.01535019522476766,0.08680758910938291
成都,2017,1275.53,1756.66,13889.39,481.1300000000001,0.03464011018482454,0.08517878867799311,0.10074002594163756
成都,2018,1424.16,1837.42,15342.77,413.26,0.026935162294683422,0.1165241115457889,0.045973609008003846
成都,2019,1482.96,2006.95,17013.0,523.99,0.030799388702756714,0.0412874957869902,0.09226524147990123
成都,2020,1520.38,2159.48,17717.0,639.0999999999999,0.03607269853812722,0.025233317149484957,0.07600089688333034
成都,2021,1697.63,2237.69,19916.98,540.06,0.02711555667576108,0.11658269643115537,0.03621705225332028
成都,2022,1722.43,2435.01,20817.5,712.5800000000002,0.034229854689564077,0.014608601403132582,0.0881802215677776
成都,2023,1929.06,2586.83,22075.0,657.77,0.02979705549263873,0.1199642365727489,0.062348819922710685
成都,2024,1949.5,2610.39,23511.34,660.8899999999999,0.028109414435757377,0.010595834240511026,0.009107672324814464
成都,2025,,,,,,0.0,0.0
拉萨,2006,3.9,15.69,,11.79,,,
拉萨,2007,5.75,24.62,121.91,18.87,0.1547863177754081,0.47435897435897445,0.5691523263224985
拉萨,2008,8.03,33.02,142.05,24.990000000000002,0.17592397043294614,0.39652173913043476,0.3411860276198213
拉萨,2009,10.05,37.73,163.0,27.679999999999996,0.16981595092024537,0.25155666251556674,0.14264082374318576
拉萨,2010,15.02,51.35,,36.33,,0.4945273631840794,0.36098595282268775
拉萨,2011,23.43,75.63,222.42,52.199999999999996,0.23469112489884003,0.5599201065246338,0.47283349561830557
拉萨,2012,34.36,106.9,260.1,72.54,0.27889273356401384,0.4664959453691848,0.41346026708977934
拉萨,2013,50.16,131.92,304.87,81.75999999999999,0.26817987994883064,0.459837019790454,0.23405051449953218
拉萨,2014,64.79,169.49,347.45,104.7,0.3013383220607282,0.29166666666666696,0.2847938144329898
拉萨,2015,62.42,200.4,376.73,137.98000000000002,0.3662570010352242,-0.03657971909245261,0.18237064133577197
拉萨,2016,70.79,248.11,424.95,177.32,0.41727262030827156,0.13409163729573859,0.23807385229540912
拉萨,2017,89.63,257.47,479.25,167.84000000000003,0.3502138758476787,0.26613928520977526,0.03772520253113543
拉萨,2018,110.1,300.12,540.78,190.02,0.35138133806723626,0.22838335378779417,0.16565036703305225
拉萨,2019,117.04,365.41,618.0,248.37,0.40189320388349514,0.06303360581289752,0.21754631480741038
拉萨,2020,107.26,349.66,678.0,242.40000000000003,0.35752212389380533,-0.08356117566643884,-0.04310226868449141
拉萨,2021,106.94,318.38,741.84,211.44,0.2850210287932708,-0.002983404810740331,-0.08945833095006583
拉萨,2022,72.47,355.33,747.57,282.86,0.37837259387080807,-0.32233027866093134,0.11605628494252151
拉萨,2023,109.14,452.12,835.0,342.98,0.4107544910179641,0.5060024837863943,0.2723946753721893
拉萨,2024,120.64,465.35,990.04,344.71000000000004,0.3481778513999435,0.10536925050393986,0.029262142793948565
拉萨,2025,,,,,,0.0,0.0
昆明,2006,103.72,133.68,1207.29,29.960000000000008,0.02481591001333566,,
昆明,2007,133.1,164.65,1405.05,31.55000000000001,0.022454716913988836,0.28326263015811803,0.23167265110712143
昆明,2008,174.99,233.49,1511.68,58.5,0.03869866638441998,0.3147257700976711,0.41809899787427884
昆明,2009,,,1809.0,,,0.0,0.0
昆明,2010,253.83,346.31,2120.4,92.47999999999999,0.04361441237502357,0.45054003085890626,0.48318985823804006
昆明,2011,317.69,441.73,2509.58,124.04000000000002,0.04942659727922601,0.2515857069692313,0.2755334815627617
昆明,2012,378.4,525.54,3011.1,147.14,0.048865862973664104,0.1910982404230539,0.18973128381590554
昆明,2013,450.75,585.76,3415.31,135.01,0.03953081857869417,0.1911997885835095,0.11458690109221004
昆明,2014,477.97,593.66,3712.99,115.68999999999994,0.03115817710255076,0.060388241819190336,0.013486752253482726
昆明,2015,502.22,615.49,3968.01,113.26999999999998,0.028545794995476315,0.05073540180346048,0.03677188963379718
昆明,2016,530.0,688.4,4300.08,158.39999999999998,0.03683652397164704,0.0553144040460356,0.11845846398804194
昆明,2017,560.86,775.9,4857.64,215.03999999999996,0.044268410174488015,0.05822641509433968,0.12710633352701928
昆明,2018,595.63,756.8,5206.9,161.16999999999996,0.030953158309166676,0.06199408051920252,-0.02461657430081199
昆明,2019,630.03,820.86,6476.0,190.83000000000004,0.029467263743051274,0.057753974783002926,0.08464587737843554
昆明,2020,650.47,875.05,6734.0,224.57999999999993,0.03335016335016334,0.03244289954446633,0.06601612942523682
昆明,2021,689.12,928.16,7222.5,239.03999999999996,0.03309657320872274,0.05941857426168773,0.06069367464716313
昆明,2022,505.25,863.32,7541.37,358.07000000000005,0.04748076277917673,-0.26681855119572784,-0.06985864506119621
昆明,2023,558.0,837.79,7865.0,279.78999999999996,0.03557406230133502,0.10440376051459666,-0.02957188528008159
昆明,2024,547.22,842.85,8275.22,295.63,0.03572472997696738,-0.019318996415770506,0.006039699686078981
昆明,2025,,,,,,0.0,0.0
杭州,2006,301.39,275.48,3441.51,-25.909999999999968,-0.0075286720073456034,,
杭州,2007,391.62,335.72,4100.17,-55.89999999999998,-0.013633581046639524,0.2993795414579117,0.21867286191375057
杭州,2008,455.35,419.67,4781.16,-35.68000000000001,-0.007462624133055578,0.16273428323374706,0.2500595734540687
杭州,2009,520.79,490.4,5088.0,-30.389999999999986,-0.005972877358490563,0.14371362688042155,0.1685371839778873
杭州,2010,671.34,616.58,5949.2,-54.75999999999999,-0.00920459893767229,0.2890800514602816,0.2573001631321372
杭州,2011,785.15,747.51,7019.06,-37.639999999999986,-0.005362541422925575,0.16952661840498107,0.21234876252878765
杭州,2012,859.99,786.28,7802.0,-73.71000000000004,-0.009447577544219436,0.09531936572629429,0.05186552688258339
杭州,2013,945.2,855.74,8343.52,-89.46000000000004,-0.01072209331313403,0.09908254747148226,0.08834003154092684
杭州,2014,1027.32,961.18,9206.16,-66.13999999999999,-0.007184320063957175,0.08688108336859912,0.12321499520882506
杭州,2015,1233.88,1205.48,10050.21,-28.40000000000009,-0.002825811599956627,0.20106685356072118,0.25416675336565486
杭州,2016,1402.38,1404.31,11313.72,1.9299999999998363,0.000170589337547671,0.13656109184037346,0.1649384477552509
杭州,2017,1567.42,1540.92,12603.36,-26.5,-0.0021026139061329674,0.11768564868295317,0.09727909079904018
杭州,2018,1825.06,1717.08,13509.15,-107.98000000000002,-0.007993100972303959,0.16437202536652573,0.114321314539366
杭州,2019,1965.97,1952.85,15373.0,-13.120000000000118,-0.0008534443504846236,0.07720842054507804,0.13730868684045006
杭州,2020,2093.39,2069.66,16106.0,-23.730000000000018,-0.001473363963740222,0.06481278961530434,0.05981514197198967
杭州,2021,2386.59,2392.04,18109.42,5.449999999999818,0.00030094834621980266,0.1400599028370253,0.15576471497733935
杭州,2022,2450.61,2542.09,18753.07,91.48000000000002,0.004878134620091538,0.026824884039571062,0.06272888413237254
杭州,2023,2616.81,2636.23,20059.0,19.420000000000073,0.0009681439752729484,0.06781984893557103,0.03703252048511252
杭州,2024,2640.33,2690.35,21860.32,50.01999999999998,0.002288164125685259,0.008988042693202747,0.020529316486042504
杭州,2025,,,,,,0.0,0.0
武汉,2006,178.6,257.81,2590.76,79.21000000000001,0.030574040050023933,,
武汉,2007,221.68,307.23,3141.9,85.55000000000001,0.027228746936567048,0.2412094064949608,0.19169155579690478
武汉,2008,277.32,377.88,3960.08,100.56,0.025393426395426355,0.25099242150848067,0.229958011912899
武汉,2009,316.07,503.64,4621.0,187.57,0.04059078121618697,0.13973027549401418,0.3328040647824706
武汉,2010,390.19,583.55,5565.9,193.35999999999996,0.03474011390790348,0.23450501471193097,0.15866491938686367
武汉,2011,673.26,765.04,6762.2,91.77999999999997,0.013572505989175117,0.7254670801404444,0.3110101962128353
武汉,2012,828.58,885.55,8003.8,56.969999999999914,0.007117869012219185,0.23069839289427563,0.15752117536337962
武汉,2013,978.52,1122.88,9051.27,144.36000000000013,0.0159491430484341,0.18096019696347954,0.26800293602845704
武汉,2014,1101.02,1175.1,10069.48,74.07999999999993,0.007356884367415192,0.12518906103094474,0.046505414648047694
武汉,2015,1245.63,1338.05,10905.6,92.41999999999985,0.008474545187793413,0.131341846651287,0.1386690494426006
武汉,2016,1322.1,1524.68,11912.61,202.58000000000015,0.017005509288056952,0.061390621613159446,0.13947909270954018
武汉,2017,1402.93,1728.28,13410.34,325.3499999999999,0.024261129844582605,0.06113758414643389,0.1335362174357897
武汉,2018,1528.7,1929.31,14847.29,400.6099999999999,0.026982028370160473,0.08964809363261184,0.11631795773832931
武汉,2019,1564.12,2237.1,16223.0,672.98,0.04148307957837638,0.02317001373716221,0.15953371930897564
武汉,2020,1230.29,2407.81,15616.0,1177.52,0.0754047131147541,-0.213429915863233,0.07630861383040544
武汉,2021,1578.65,2215.97,17716.76,637.3199999999997,0.03597271735915595,0.28315275260304484,-0.07967406066093263
武汉,2022,1504.74,2223.15,18866.43,718.4100000000001,0.03807874621748789,-0.04681848414784784,0.003240116066553389
武汉,2023,1601.2,2204.08,20012.0,602.8799999999999,0.030125924445332793,0.06410409771787817,-0.008577918718934874
武汉,2024,1667.31,2481.0,21106.23,813.69,0.03855212418323879,0.041287784161878616,0.12563972269609103
武汉,2025,,,,,,0.0,0.0
沈阳,2006,175.63,268.76,2519.63,93.13,0.03696177613379742,,
沈阳,2007,230.81,339.68,3221.15,108.87,0.03379848811759775,0.31418322610032456,0.2638785533561543
沈阳,2008,291.04,406.74,3860.47,115.69999999999999,0.029970444013293716,0.26095056540011274,0.19742110221384834
沈阳,2009,320.21,475.88,4269.0,155.67000000000002,0.03646521433591005,0.1002267729521713,0.1699857402763436
沈阳,2010,465.35,516.62,5017.5,51.26999999999998,0.01021823617339312,0.4532650448143407,0.085609817601076
沈阳,2011,620.12,639.29,5915.71,19.16999999999996,0.0032405239607756226,0.33258837434189314,0.23744725330029803
沈阳,2012,715.04,766.09,6602.6,51.05000000000007,0.007731802623209049,0.15306714829387857,0.19834503902767153
沈阳,2013,801.0,881.28,7158.57,80.27999999999997,0.011214530276298196,0.12021705079436118,0.15036092365126796
沈阳,2014,785.5,914.37,7098.71,128.87,0.018154002628646613,-0.019350811485642994,0.03754765795206971
沈阳,2015,606.24,808.58,7272.31,202.34000000000003,0.027823346364497667,-0.22821133036282626,-0.11569714666929143
沈阳,2016,620.95,825.39,5546.45,204.43999999999994,0.03685961290555219,0.0242643177619426,0.020789532266442423
沈阳,2017,656.24,855.02,5864.97,198.77999999999997,0.0338927564846879,0.056832273129881594,0.035898181465731316
沈阳,2018,720.64,965.44,6292.4,244.80000000000007,0.038904074756849545,0.09813482872119961,0.1291431779373582
沈阳,2019,730.29,1047.65,6470.0,317.3600000000001,0.04905100463678518,0.013390874777975181,0.0851528836592641
沈阳,2020,736.08,1074.05,6572.0,337.9699999999999,0.05142574558734022,0.00792835722795071,0.02519925547654256
沈阳,2021,773.02,1032.5,7249.0,259.48,0.03579528210787695,0.050184762525812276,-0.038685349844048145
沈阳,2022,713.67,1053.59,7695.8,339.91999999999996,0.044169547025650346,-0.07677679749553701,0.02042615012106519
沈阳,2023,800.85,1084.06,8122.0,283.2099999999999,0.03486949027333168,0.12215729959224864,0.028920168186865824
沈阳,2024,825.58,1160.69,9027.14,335.11,0.03712249948488669,0.030879690329025378,0.0706879693005924
沈阳,2025,,,,,,0.0,0.0
济南,2006,128.44,146.98,2185.09,18.539999999999992,0.008484776370767333,,
济南,2007,157.02,179.98,2562.81,22.95999999999998,0.008958916189651195,0.22251635004671444,0.22452034290379652
济南,2008,186.02,221.32,3017.42,35.29999999999998,0.011698736006256994,0.1846898484269519,0.2296921880208913
济南,2009,210.19,259.92,3351.0,49.73000000000002,0.01484034616532379,0.12993226534781188,0.17440809687330572
济南,2010,266.13,336.8,3910.5,70.67000000000002,0.018071857818693266,0.2661401589038488,0.2957833179439828
济南,2011,325.42,396.88,4406.29,71.45999999999998,0.01621772511568689,0.22278585653627925,0.17838479809976238
济南,2012,380.82,465.67,4803.7,84.85000000000002,0.017663467743614304,0.17024153401757713,0.173326950211651
济南,2013,482.07,519.32,5230.19,37.25000000000006,0.007122112198600827,0.2658736410902789,0.11521034208774461
济南,2014,543.13,571.41,5770.6,28.279999999999973,0.0049007035663535805,0.1266621030140851,0.10030424401139926
济南,2015,614.32,658.18,6100.23,43.8599999999999,0.007189892840106013,0.1310735919577266,0.15185243520414415
济南,2016,641.22,741.26,6536.12,100.03999999999996,0.015305716541311966,0.0437882536788643,0.12622686803002225
济南,2017,677.21,834.06,7201.96,156.8499999999999,0.021778793550644535,0.05612738217772373,0.12519224023959197
济南,2018,752.82,1018.25,7856.56,265.42999999999995,0.03378450619609599,0.11164926684484877,0.22083543150372886
济南,2019,874.19,1197.32,9443.0,323.1299999999999,0.034218998199724654,0.1612204776706252,0.1758605450527866
济南,2020,906.08,1288.8,10141.0,382.7199999999999,0.03773986786312986,0.03647948386506372,0.07640396886379586
济南,2021,1007.61,1293.08,11432.22,285.4699999999999,0.024970653118991756,0.11205412325622466,0.0033209186840470473
济南,2022,1001.14,1225.57,12027.46,224.42999999999995,0.018659800157306693,-0.0064211351614216206,-0.05220868005073154
济南,2023,1060.82,1365.29,12757.0,304.47,0.023866896605785063,0.05961204227181005,0.11400409605326511
济南,2024,1083.05,1397.15,13527.55,314.10000000000014,0.023219282131649865,0.020955487264568973,0.02333570157255971
济南,2025,,,,,,0.0,0.0
海口,2006,21.13,32.25,350.12,11.120000000000001,0.03176053924368788,,
海口,2007,44.85,43.21,393.69,-1.6400000000000006,-0.004165714140567453,1.1225745385707526,0.33984496124031005
海口,2008,31.03,46.79,443.18,15.759999999999998,0.035561171533011415,-0.30813823857302114,0.08285119185373757
海口,2009,38.44,66.61,490.0,28.17,0.05748979591836735,0.23880116016757968,0.4235947852105151
海口,2010,50.37,78.99,595.1,28.619999999999997,0.048092757519744574,0.3103537981269511,0.18585797928239
海口,2011,60.93,99.43,713.3,38.50000000000001,0.05397448478900885,0.20964860035735566,0.25876693252310434
海口,2012,73.17,113.85,818.8,40.67999999999999,0.04968246213971665,0.2008862629246677,0.14502665191592068
海口,2013,86.73,132.0,904.64,45.269999999999996,0.05004200565970993,0.18532185321853212,0.1594202898550725
海口,2014,100.12,150.92,1091.7,50.79999999999998,0.0465329302922048,0.15438717860025375,0.1433333333333333
海口,2015,111.5,170.93,1161.96,59.43000000000001,0.051146338944541986,0.11366360367558914,0.132586800954148
海口,2016,115.51,200.3,1257.67,84.79,0.06741832118123196,0.035964125560538074,0.1718247235710526
海口,2017,125.36,198.32,1390.58,72.96,0.05246731579628644,0.08527400225088733,-0.009885172241637652
海口,2018,169.88,238.25,1510.51,68.37,0.04526285823993221,0.35513720485003186,0.20134126663977425
海口,2019,185.34,265.86,1672.0,80.52000000000001,0.048157894736842115,0.09100541558747355,0.11588667366211958
海口,2020,186.05,307.08,1792.0,121.02999999999997,0.06753906249999998,0.003830797453329149,0.15504400812457675
海口,2021,208.32,274.26,2057.06,65.94,0.03205545778927207,0.119699005643644,-0.10687768659632668
海口,2022,204.82,332.68,2134.77,127.86000000000001,0.0598940401073652,-0.016801075268817245,0.2130095529789251
海口,2023,266.87,369.54,2358.0,102.67000000000002,0.04354113655640374,0.3029489307684796,0.11079716243837923
海口,2024,258.26,372.07,2470.63,113.81,0.04606517366015955,-0.03226289953910144,0.006846349515613914
海口,2025,,,,,,0.0,0.0
深圳,2006,500.88,571.42,5813.56,70.53999999999996,0.01213370120889781,,
深圳,2007,658.06,727.96,6801.57,69.90000000000009,0.010277038977765442,0.31380769845072654,0.2739491092366386
深圳,2008,800.36,889.86,7806.54,89.5,0.011464746225600586,0.21624168008996159,0.22240232979834063
深圳,2009,880.82,1000.84,8201.0,120.01999999999998,0.014634800634069014,0.10052976160727667,0.12471624749960664
深圳,2010,1106.82,1265.27,9581.5,158.45000000000005,0.0165370766581433,0.25657909675075485,0.2642080652252108
深圳,2011,1339.57,1590.56,11505.53,250.99,0.021814727352846848,0.21028712889178003,0.257091371802066
深圳,2012,1482.08,1565.71,12950.1,83.63000000000011,0.0064578651902302,0.1063848847018074,-0.015623428226536507
深圳,2013,1731.26,1690.83,14500.23,-40.430000000000064,-0.0027882316349464847,0.16812857605527376,0.07991262749806793
深圳,2014,2082.44,2166.14,16001.82,83.69999999999982,0.005230655012992261,0.2028464817531741,0.2811104605430468
深圳,2015,2726.85,3521.67,17502.86,794.8200000000002,0.04541086428160884,0.30944949194214466,0.6257813437727942
深圳,2016,3136.49,4211.04,19492.6,1074.5500000000002,0.05512604783353684,0.15022461814914645,0.19575087955430237
深圳,2017,3332.13,4593.8,22490.06,1261.67,0.05609900551621472,0.062375457916333366,0.09089441088187256
深圳,2018,3538.41,4282.54,24221.98,744.1300000000001,0.030721270515457453,0.06190634819169705,-0.06775654142539944
深圳,2019,3773.38,4552.73,26927.0,779.3499999999995,0.028943068295762597,0.06640553242840719,0.06309106278049925
深圳,2020,3857.39,4177.72,27670.0,320.3300000000004,0.011576797976147466,0.02226385892753968,-0.08237035800497705
深圳,2021,4257.7,4570.22,30664.85,312.52000000000044,0.010191473299233502,0.10377742463168094,0.09395076740423014
深圳,2022,4012.44,4997.38,32387.68,984.94,0.030410946384551163,-0.057603870634379994,0.09346596006319174
深圳,2023,4112.78,5012.07,34606.0,899.29,0.025986534127029993,0.02500722752240514,0.002939540319127243
深圳,2024,3914.18,4700.87,36801.87,786.69,0.02137635940782357,-0.04828850558503006,-0.06209011446368462
深圳,2025,,,,,,0.0,0.0
石家庄,2006,77.37,128.25,2026.63,50.879999999999995,0.025105717373176156,,
石家庄,2007,95.87,163.17,2360.72,67.29999999999998,0.02850825171981429,0.23911076644694318,0.2722807017543858
石家庄,2008,110.04,193.79,2838.37,83.74999999999999,0.029506371614694344,0.14780431834776264,0.18765704479990197
石家庄,2009,125.96,240.92,3001.0,114.96,0.038307230923025654,0.14467466375863314,0.24320140358119602
石家庄,2010,163.63,305.16,3401.0,141.53000000000003,0.04161423110849751,0.2990631946649731,0.2666445293043336
石家庄,2011,221.23,403.54,4082.68,182.31000000000003,0.04465449165744071,0.3520136894212553,0.3223882553414601
石家庄,2012,272.28,464.09,4500.2,191.81,0.04262255010888405,0.23075532251502962,0.15004708331268257
石家庄,2013,315.12,522.94,4863.66,207.82000000000005,0.042729138138767934,0.1573380343763775,0.12680730030813003
石家庄,2014,343.47,566.49,5170.27,223.01999999999998,0.04313507805201662,0.08996572734196495,0.08327915248403239
石家庄,2015,375.05,682.39,5440.6,307.34,0.05649009300444803,0.09194398346289345,0.20459319670250142
石家庄,2016,410.72,746.12,5927.73,335.4,0.05658152446214656,0.09510731902413005,0.09339234162282573
石家庄,2017,460.89,806.73,6460.88,345.84000000000003,0.05352831193273982,0.12215134398130112,0.08123358172948048
石家庄,2018,519.68,991.61,6082.62,471.93000000000006,0.07758663207630924,0.1275575516934626,0.2291720897946028
石家庄,2019,569.13,1051.39,5810.0,482.2600000000001,0.08300516351118763,0.09515471059113301,0.060285797843910416
石家庄,2020,632.19,1142.23,5935.0,510.03999999999996,0.08593765796124683,0.11080069579885099,0.08639990869230241
石家庄,2021,681.36,1152.74,6490.3,471.38,0.07262838389596783,0.07777725051013129,0.009201299212943104
石家庄,2022,692.16,1250.43,7100.64,558.2700000000001,0.07862249036706552,0.01585065163790067,0.08474590974547613
石家庄,2023,737.89,1274.83,7534.0,536.9399999999999,0.07126891425537563,0.06606853906611199,0.01951328742912417
石家庄,2024,746.08,1274.69,8203.44,528.61,0.06443760178656759,0.011099215330198309,-0.0001098185640436844
石家庄,2025,,,,,,0.0,0.0
福州,2006,115.62,110.06,1664.05,-5.560000000000002,-0.003341245755836665,,
福州,2007,146.56,143.09,1974.58,-3.469999999999999,-0.0017573357372200665,0.2676007611139941,0.30010903143739776
福州,2008,168.86,178.2,2284.16,9.339999999999975,0.0040890305407677114,0.1521561135371179,0.24537004682367725
福州,2009,195.26,205.09,2604.0,9.830000000000013,0.0037749615975422473,0.1563425322752574,0.15089786756453427
福州,2010,247.82,262.42,3123.4,14.600000000000023,0.004674393289364162,0.2691795554645089,0.2795358135452728
福州,2011,320.04,363.3,3736.38,43.25999999999999,0.011578051482986204,0.2914211928012269,0.38442191906104717
福州,2012,382.02,410.73,4218.3,28.710000000000036,0.006806059312993394,0.19366329208848887,0.13055326176713455
福州,2013,453.97,533.84,4678.5,79.87,0.017071711018488832,0.18834092455892382,0.2997346188493657
福州,2014,510.87,574.81,5169.16,63.93999999999994,0.012369514582640108,0.1253386787673194,0.07674584145062169
福州,2015,560.46,725.93,5618.08,165.4699999999999,0.029453122775040568,0.09706970462152809,0.2629042640176755
福州,2016,598.91,829.93,6197.64,231.01999999999998,0.037275479053317066,0.06860436070370746,0.14326450208697805
福州,2017,634.16,938.86,7103.4,304.70000000000005,0.04289495171326408,0.05885692341086313,0.1312520333040137
福州,2018,680.38,924.76,7856.81,244.38,0.03110422677906173,0.0728838148101425,-0.015018213578169348
福州,2019,668.08,949.76,9392.0,281.67999999999995,0.02999148211243611,-0.018078132808136527,0.0270340412647605
福州,2020,675.61,951.4,10020.0,275.78999999999996,0.02752395209580838,0.011271105256855485,0.0017267520215633603
福州,2021,749.85,925.26,11324.48,175.40999999999997,0.015489452937353413,0.10988588090762419,-0.02747529955854533
福州,2022,698.52,1006.09,12308.23,307.57000000000005,0.024988970794338428,-0.06845369073814767,0.08735922875732238
福州,2023,754.08,1004.9,12928.0,250.81999999999994,0.01940129950495049,0.07953959800721533,-0.001182796767684846
福州,2024,750.5,1025.48,14236.76,274.98,0.019314787915227904,-0.004747506895820153,0.020479649716389714
福州,2025,,,,,,0.0,0.0
西宁,2006,14.16,34.31,281.61,20.150000000000002,0.07155285678775612,,
西宁,2007,18.41,45.05,342.46,26.639999999999997,0.07779010687379548,0.30014124293785316,0.31302827164092095
西宁,2008,23.45,67.25,422.19,43.8,0.10374475946848574,0.273764258555133,0.49278579356270824
西宁,2009,28.15,85.12,501.0,56.970000000000006,0.11371257485029941,0.20042643923240933,0.26572490706319707
西宁,2010,34.52,108.92,628.3,74.4,0.11841477001432439,0.22628774422735365,0.2796052631578947
西宁,2011,45.25,150.04,770.7,104.78999999999999,0.13596730245231606,0.3108342989571262,0.3775247888358426
西宁,2012,54.77,185.32,851.1,130.54999999999998,0.15338973093643518,0.21038674033149185,0.23513729672087447
西宁,2013,67.11,207.57,978.53,140.45999999999998,0.14354184337731085,0.22530582435639945,0.12006259443125411
西宁,2014,83.88,248.14,1065.78,164.26,0.15412186379928314,0.2498882431828342,0.19545213662860728
西宁,2015,94.79,280.03,1131.62,185.23999999999995,0.1636945264311341,0.1300667620410112,0.12851616023212697
西宁,2016,75.22,287.81,1248.17,212.59,0.17032135045706914,-0.20645637725498478,0.02778273756383265
西宁,2017,79.16,288.37,1284.91,209.21,0.16282074230879984,0.052379686253655855,0.001945728084500109
西宁,2018,92.94,297.48,1286.41,204.54000000000002,0.15900062965928438,0.17407781707933312,0.031591358324374985
西宁,2019,101.79,328.04,1328.0,226.25,0.17036897590361447,0.09522272433828283,0.10272959526690872
西宁,2020,133.51,329.51,1373.0,196.0,0.14275309541150766,0.3116219667943805,0.004481160834044484
西宁,2021,153.87,343.8,1548.79,189.93,0.12263121533584283,0.15249794022919638,0.04336742435737917
西宁,2022,131.72,339.04,1644.35,207.32000000000002,0.12608021406634842,-0.14395268733346334,-0.013845258871436839
西宁,2023,144.09,418.75,1801.0,274.65999999999997,0.15250416435313713,0.09391132705739458,0.23510500235960352
西宁,2024,134.46,400.98,1862.09,266.52,0.143129494277935,-0.06683322923173018,-0.042435820895522336
西宁,2025,,,,,,0.0,0.0
西安,2006,85.89,119.22,1473.68,33.33,0.022616850333858095,,
西安,2007,112.92,161.25,1763.73,48.33,0.027402153390825124,0.3147048550471534,0.352541519879215
西安,2008,145.61,226.99,2190.04,81.38,0.03715913864586948,0.2894969890187744,0.4076899224806203
西安,2009,181.4,276.85,2724.0,95.45000000000002,0.03504038179148312,0.24579355813474346,0.21965725362350774
西安,2010,241.86,371.62,3241.5,129.76,0.04003084991516273,0.33329658213891955,0.34231533321293117
西安,2011,318.55,494.58,3864.21,176.02999999999997,0.045553942461719205,0.3170842636235838,0.3308756256390937
西安,2012,396.96,597.49,4366.1,200.53000000000003,0.04592886099722865,0.24614660178935788,0.2080755388410369
西安,2013,501.98,729.81,4884.13,227.82999999999993,0.046646997520541,0.26456066102378095,0.22145977338532852
西安,2014,583.79,819.54,5492.64,235.75,0.04292107256255644,0.16297462050280886,0.12294980885435947
西安,2015,650.99,917.24,5801.2,266.25,0.04589567675653313,0.11510988540399802,0.11921321717060795
西安,2016,641.07,942.52,6257.18,301.44999999999993,0.04817665465912758,-0.015238329313814303,0.027560943700667195
西安,2017,654.5,1045.09,7469.85,390.5899999999999,0.052288867915687716,0.020949350304958925,0.10882527691720068
西安,2018,684.7,1151.87,8349.86,467.16999999999985,0.05594944106847298,0.04614209320091689,0.10217301859170025
西安,2019,702.56,1247.02,9321.0,544.46,0.05841218753352645,0.026084416532788035,0.08260480783421742
西安,2020,724.14,1347.58,10020.0,623.4399999999999,0.062219560878243506,0.030716237759052634,0.08064024634729194
西安,2021,856.0,1474.62,10688.28,618.6199999999999,0.05787834899534816,0.18209186068992178,0.09427269624066836
西安,2022,834.08,1569.81,11486.51,735.7299999999999,0.06405165711778424,-0.025607476635513993,0.06455222362371327
西安,2023,951.92,1730.47,12011.0,778.5500000000001,0.0648197485638165,0.1412814118549779,0.10234359572177532
西安,2024,1002.36,1561.85,13317.78,559.4899999999999,0.0420107555463448,0.05298764602067396,-0.09744173548226787
西安,2025,,,,,,0.0,0.0
贵阳,2006,61.58,88.23,602.88,26.650000000000006,0.044204485138004256,,
贵阳,2007,75.92,106.43,693.72,30.510000000000005,0.0439802802283342,0.23286781422539793,0.20627904340927117
贵阳,2008,88.99,142.28,811.05,53.290000000000006,0.06570495037297332,0.17215489989462585,0.3368411162266278
贵阳,2009,105.36,169.84,972.0,64.48,0.06633744855967079,0.18395325317451405,0.19370255833567618
贵阳,2010,136.3,204.38,1121.8,68.07999999999998,0.06068817971117845,0.2936598329536828,0.20336787564766845
贵阳,2011,187.09,277.38,1383.07,90.28999999999999,0.06528230675236972,0.3726338958180484,0.35717780604755855
贵阳,2012,241.19,349.33,1700.3,108.13999999999999,0.0636005410809857,0.28916564220428675,0.25939144855432983
贵阳,2013,277.21,393.6,2085.42,116.39000000000004,0.05581129940251846,0.14934284174302404,0.12672830847622607
贵阳,2014,331.6,448.63,2497.27,117.02999999999997,0.04686317458664861,0.19620504310811326,0.13981199186991855
贵阳,2015,374.1,503.52,2891.16,129.41999999999996,0.04476403934752832,0.12816646562123046,0.12235026636649349
贵阳,2016,366.32,525.26,3157.7,158.94,0.05033410393640941,-0.020796578454958636,0.043176040673657434
贵阳,2017,377.85,582.48,3537.96,204.63,0.057838415358002916,0.031475212928587126,0.10893652667250509
贵阳,2018,411.34,624.22,3798.45,212.88000000000005,0.05604391264858036,0.08863305544528233,0.07165911275923631
贵阳,2019,417.26,718.82,4040.0,301.56000000000006,0.07464356435643565,0.01439198716390333,0.15154913331838138
贵阳,2020,398.13,678.16,4312.0,280.03,0.06494202226345083,-0.045846714278866885,-0.05656492585069983
贵阳,2021,403.72,633.41,4711.03,229.68999999999994,0.04875579225774405,0.014040639991962589,-0.0659873776100035
贵阳,2022,402.16,727.45,4921.17,325.29,0.06610013472405953,-0.0038640642029129646,0.1484662382974693
贵阳,2023,446.2,778.61,5155.0,332.41,0.06448302618816683,0.10950865327232928,0.07032785758471372
贵阳,2024,434.09,693.05,5777.41,258.96,0.044822853146998395,-0.02714029583146571,-0.1098881339823532
贵阳,2025,,,,,,0.0,0.0
郑州,2006,176.03,187.66,2013.48,11.629999999999995,0.005776069292965411,,
郑州,2007,219.52,240.68,2486.75,21.159999999999997,0.008509098220569014,0.24706016019996602,0.2825322391559204
郑州,2008,260.39,289.5,3003.99,29.110000000000014,0.009690445041428238,0.1861789358600583,0.20284194781452558
郑州,2009,301.92,353.05,3308.0,51.129999999999995,0.015456469165659008,0.15949153193287002,0.21951640759930924
郑州,2010,386.8,426.8,4040.9,40.0,0.00989878492415056,0.2811340752517222,0.20889392437331833
郑州,2011,502.32,566.58,4979.85,64.26000000000005,0.012904003132624485,0.2986556359875905,0.3275070290534208
郑州,2012,606.65,700.7,5549.8,94.05000000000007,0.01694655663267146,0.2076962892180283,0.2367185569557697
郑州,2013,723.61,816.16,6201.9,92.54999999999995,0.014922846224544085,0.19279650539850013,0.16477807906379316
郑州,2014,833.88,918.51,6776.99,84.63,0.012487844898693963,0.15238871767941298,0.12540433248382676
郑州,2015,942.9,1106.02,7311.52,163.12,0.022309998468170777,0.13073823571736942,0.20414584490098098
郑州,2016,1011.18,1321.53,8113.97,310.35,0.038248847358321514,0.07241489023226211,0.19485181099799287
郑州,2017,1056.67,1514.95,9130.2,458.28,0.05019386212788328,0.04498704483870353,0.1463606577224883
郑州,2018,1152.06,1763.34,10143.32,611.28,0.06026429216469558,0.09027416317298664,0.16395920657447438
郑州,2019,1222.53,1910.67,11590.0,688.1400000000001,0.05937359792924936,0.061168689130774556,0.08355166899179967
郑州,2020,1259.21,1720.18,12004.0,460.97,0.038401366211262916,0.030003353700931656,-0.09969801169223358
郑州,2021,1223.63,1624.44,12691.02,400.80999999999995,0.03158217385206232,-0.028255811183202084,-0.055656966131451324
郑州,2022,1130.79,1456.41,12934.7,325.6200000000001,0.025174143969322837,-0.07587260854997024,-0.10343872349855954
郑州,2023,1165.85,1519.62,13618.0,353.77,0.025978117197826407,0.031004872699617048,0.043401240035429556
郑州,2024,1155.04,1525.71,14532.07,370.6700000000001,0.025507033753622167,-0.009272204829094632,0.004007580842579239
郑州,2025,,,,,,0.0,0.0
重庆,2006,317.72,594.25,3949.0,276.53,0.07002532286654849,,
重庆,2007,442.7,768.39,4837.5,325.69,0.06732609819121448,0.39336522724411416,0.29304164913756825
重庆,2008,577.57,1016.01,5978.8,438.43999999999994,0.07333244129256705,0.3046532640614412,0.32225822824347006
重庆,2009,655.17,1292.09,6744.1,636.92,0.09444106700671698,0.1343560087954705,0.27172960896054166
重庆,2010,952.07,1709.04,8186.5,756.9699999999999,0.09246564465888962,0.4531648274493645,0.32269423956535537
重庆,2011,1488.33,2570.24,10314.1,1081.9099999999999,0.10489621004256308,0.5632569033789532,0.5039086270654869
重庆,2012,1703.49,3046.36,11797.8,1342.8700000000001,0.11382376375256406,0.14456471347080302,0.1852434013944224
重庆,2013,1693.24,3062.28,13275.8,1369.0400000000002,0.10312297563988612,-0.006017059096325772,0.005225908953636393
重庆,2014,1922.02,3304.39,14911.7,1382.37,0.09270371587411226,0.1351137464269685,0.07906200608696778
重庆,2015,2154.83,3792.0,16305.9,1637.17,0.10040353491680926,0.12112777182339407,0.14756430082405525
重庆,2016,2227.91,4001.81,18271.1,1773.9,0.0970877506006754,0.03391450833708465,0.0553296413502109
重庆,2017,2252.38,4336.28,20260.8,2083.8999999999996,0.10285378662244332,0.01098338801836718,0.08357968019471174
重庆,2018,2265.54,4540.95,21866.8,2275.41,0.104057749647868,0.005842708601567992,0.047199442840407
重庆,2019,2134.93,4847.68,23689.6,2712.7500000000005,0.1145122754288802,-0.05765071461991411,0.0675475396117553
重庆,2020,2094.85,4893.95,25158.1,2799.1,0.11126038929807895,-0.018773449246579532,0.00954477193214065
重庆,2021,2285.45,4835.06,28092.5,2549.6100000000006,0.09075767553617516,0.09098503472802344,-0.012033224695797706
重庆,2022,2103.42,4892.77,28771.8,2789.3500000000004,0.09694735817710398,-0.0796473342230194,0.011935736061186475
重庆,2023,2440.77,5304.56,30614.3,2863.7900000000004,0.09354419339981644,0.16038166414696065,0.084162958814741
重庆,2024,2595.55,5621.21,32046.7,3025.66,0.09441408943822609,0.063414414303683,0.05969392371846105
重庆,2025,,,,,,0.0,0.0
银川,2006,23.61,36.12,335.29,12.509999999999998,0.03731098452086253,,
银川,2007,27.64,48.47,408.6,20.83,0.050978952520802735,0.17069038542990267,0.3419158361018826
银川,2008,35.81,63.04,514.11,27.229999999999997,0.05296531870611347,0.2955861070911723,0.3005983082318959
银川,2009,44.06,72.5,578.0,28.439999999999998,0.04920415224913494,0.2303825746998045,0.1500634517766497
银川,2010,64.04,119.92,769.4,55.879999999999995,0.07262802183519625,0.45347253744893323,0.6540689655172414
银川,2011,96.62,147.25,986.68,50.629999999999995,0.05131349576357076,0.5087445346658337,0.22790193462308195
银川,2012,113.13,186.74,1150.9,73.61000000000001,0.06395864106351552,0.17087559511488304,0.2681833616298812
银川,2013,134.6,220.53,1289.02,85.93,0.06666304634528557,0.1897816671086361,0.18094677091142763
银川,2014,153.6,263.9,1388.62,110.29999999999998,0.07943137791476429,0.14115898959881124,0.19666258558926208
银川,2015,171.28,309.27,1493.86,137.98999999999998,0.09237144042949137,0.11510416666666679,0.17192118226600983
银川,2016,173.2,331.07,1617.71,157.87,0.0975885665539559,0.011209715086408112,0.07048856985805285
银川,2017,177.46,341.83,1803.26,164.36999999999998,0.09115158102547607,0.024595842956120162,0.03250067961458303
银川,2018,173.25,363.28,1901.48,190.02999999999997,0.0999379430759198,-0.02372365603516291,0.06275049000965383
银川,2019,154.71,346.47,1897.0,191.76000000000002,0.10108592514496574,-0.107012987012987,-0.04627284739044246
银川,2020,157.26,332.36,1964.0,175.10000000000002,0.08915478615071284,0.01648245103742485,-0.040725026697838285
银川,2021,171.19,291.69,2262.95,120.5,0.05324907753154069,0.0885794226122345,-0.12236731255265376
银川,2022,168.86,356.55,2535.63,187.69,0.07402105196736117,-0.01361060809626724,0.22235935410881424
银川,2023,197.76,438.15,2686.0,240.39,0.08949739389426656,0.17114769631647508,0.22885990744636087
银川,2024,208.44,444.46,2939.53,236.01999999999998,0.0802917473201498,0.05400485436893199,0.01440146068697934
银川,2025,,,,,,0.0,0.0
长春,2006,71.59,146.67,1741.19,75.07999999999998,0.04311993521671959,,
长春,2007,93.3,181.56,2089.09,88.26,0.042248060160165433,0.3032546445034221,0.2378809572509717
长春,2008,119.03,240.33,2561.9,121.30000000000001,0.047347671649947305,0.27577706323687035,0.32369464639788514
长春,2009,142.65,306.01,2849.0,163.35999999999999,0.05733941733941733,0.19843736873057205,0.27329089169059206
长春,2010,180.85,382.93,3329.0,202.08,0.060702913787924306,0.26778829302488605,0.25136433449887274
长春,2011,288.63,518.68,4003.08,230.04999999999995,0.057468249447925085,0.5959635056676804,0.3545034340479982
长春,2012,340.8,555.51,4456.6,214.70999999999998,0.04817798321590449,0.1807504417420227,0.07100717205213236
长春,2013,381.82,632.97,5003.18,251.15000000000003,0.05019807402492015,0.12036384976525816,0.13943943403359071
长春,2014,397.32,675.84,5342.43,278.52000000000004,0.052133579663186984,0.04059504478550102,0.06772832835679421
长春,2015,388.22,765.72,5530.03,377.5,0.06826364413936271,-0.022903453136011165,0.13299005681818188
长春,2016,415.49,770.57,5986.42,355.08000000000004,0.059314247914446366,0.07024367626603456,0.0063339079559108225
长春,2017,450.08,875.73,6530.03,425.65000000000003,0.0651834677635478,0.08325110110953315,0.13647040502485175
长春,2018,478.01,894.34,7175.71,416.33000000000004,0.05801934582083167,0.06205563455385721,0.021250842154545424
长春,2019,420.02,896.02,5904.0,476.0,0.08062330623306233,-0.12131545365159724,0.001878480220050438
长春,2020,440.43,1084.14,6638.0,643.71,0.09697348598975596,0.04859292414646932,0.20995067074395668
长春,2021,617.09,966.49,7103.1,349.4,0.04918979037321732,0.40110800808300984,-0.10851919493792317
长春,2022,459.69,976.67,6744.56,516.98,0.07665140498416502,-0.25506814241034537,0.01053295947190347
长春,2023,576.52,1074.97,7002.0,498.45000000000005,0.07118680377035133,0.2541495355565706,0.10064812065487838
长春,2024,427.48,1056.21,7632.19,628.73,0.08237871436638763,-0.2585166169430375,-0.017451649813483128
长春,2025,,,,,,0.0,0.0
长沙,2006,132.83,167.19,1798.96,34.359999999999985,0.019099924400764877,,
长沙,2007,174.58,218.17,2190.25,43.589999999999975,0.01990183768976143,0.31431152601069035,0.304922543214307
长沙,2008,205.57,260.56,3000.98,54.99000000000001,0.018324014155375913,0.17751174246763646,0.19429802447632594
长沙,2009,246.33,314.08,3745.0,67.74999999999997,0.018090787716955933,0.1982779588461352,0.20540374577832354
长沙,2010,314.28,403.33,4547.1,89.05000000000001,0.019583910624353985,0.27584947022287154,0.2841632705043302
长沙,2011,425.78,520.89,5619.33,95.11000000000001,0.01692550535384112,0.35477917780323276,0.2914734832519277
长沙,2012,490.65,624.62,6399.9,133.97000000000003,0.02093313958030595,0.15235567664051852,0.19913993357522708
长沙,2013,536.63,701.82,7153.13,165.19000000000005,0.02309338709068618,0.09371242229695298,0.12359514584867615
长沙,2014,632.8,802.38,7824.81,169.58000000000004,0.021672091718520966,0.17921100199392503,0.14328460288962974
长沙,2015,718.95,925.0,8510.13,206.04999999999995,0.024212321080876554,0.13614096080910265,0.1528203594306936
长沙,2016,743.7,1041.43,9356.91,297.73,0.03181926512064346,0.03442520342165656,0.1258702702702703
长沙,2017,800.35,1182.6,10535.51,382.2499999999999,0.03628205943518632,0.07617318811348661,0.13555399786831557
长沙,2018,879.71,1300.79,11003.41,421.0799999999999,0.03826813687756795,0.09915661897919659,0.09994080838829711
长沙,2019,950.23,1425.98,11574.0,475.75,0.041105063072403664,0.08016278091643825,0.09624151477179255
长沙,2020,1100.09,1501.23,12143.0,401.1400000000001,0.03303467018035083,0.1577091861970259,0.052770726097140175
长沙,2021,1188.31,1541.59,13270.7,353.28,0.026621052393619022,0.08019343871865026,0.026884621277219356
长沙,2022,1202.0,1566.26,13966.11,364.26,0.026081707791217452,0.011520562816100144,0.01600295798493767
长沙,2023,1227.07,1626.83,14332.0,399.76,0.02789282723974323,0.020856905158069816,0.03867174032408416
长沙,2024,1264.54,1663.94,15268.78,399.4000000000001,0.026157951060923012,0.03053615523156794,0.02281123411788588
长沙,2025,,,,,,0.0,0.0
青岛,2006,225.99,236.79,3206.58,10.799999999999983,0.00336807439702112,,
青岛,2007,292.8,321.18,3786.52,28.379999999999995,0.007495008609488395,0.29563255011283696,0.356391739516027
青岛,2008,342.44,369.41,4436.18,26.970000000000027,0.006079554932396798,0.1695355191256831,0.15016501650165015
青岛,2009,377.01,433.58,4854.0,56.56999999999999,0.011654305727235269,0.10095199158976742,0.17370942854822546
青岛,2010,452.61,532.39,5666.2,79.77999999999997,0.014079983057428254,0.20052518500835537,0.22789335301443803
青岛,2011,566.14,658.06,6615.6,91.91999999999996,0.013894431344095766,0.25083405139082204,0.23604876124645457
青岛,2012,670.18,765.98,7302.1,95.80000000000007,0.013119513564591017,0.18377079874236046,0.16399720390237982
青岛,2013,788.93,1014.23,8006.6,225.30000000000007,0.02813928508980092,0.17719120236354424,0.32409462388051913
青岛,2014,895.25,1074.71,8692.1,179.46000000000004,0.020646334027450218,0.13476480803113078,0.05963144454413705
青岛,2015,1006.32,1222.87,9300.07,216.54999999999984,0.02328477097484211,0.12406590337894441,0.13786044607382442
青岛,2016,1100.03,1352.85,10011.29,252.81999999999994,0.02525348881113222,0.09312147229509482,0.10629093852985183
青岛,2017,1157.24,1403.03,11037.28,245.78999999999996,0.02226907353985764,0.052007672518022297,0.03709206490002592
青岛,2018,1231.91,1559.78,12001.52,327.8699999999999,0.027319039588318803,0.06452421278213682,0.1117224863331503
青岛,2019,1241.74,1575.97,11741.0,334.23,0.028466910825313007,0.007979479020382874,0.010379668927669394
青岛,2020,1253.85,1584.65,12401.0,330.8000000000002,0.02667526812353844,0.009752444150949335,0.005507719055565907
青岛,2021,1368.3,1706.76,14136.0,338.46000000000004,0.02394312393887946,0.09127886110778816,0.07705802543148321
青岛,2022,1273.31,1696.17,14920.75,422.8600000000001,0.02834039843841631,-0.0694219103997662,-0.006204738803346599
青岛,2023,1337.86,1718.8,15760.0,380.94000000000005,0.02417131979695432,0.05069464623697284,0.013341823048397261
青岛,2024,1339.26,1720.42,16719.46,381.1600000000001,0.02279738699694847,0.0010464473113780404,0.0009425180358391128
青岛,2025,,,,,,0.0,0.0
