city,year,income,expend,gdp,gap,gap_to_gdp,income_growth,expend_growth,re_sales_area,re_avg_price,re_completion,re_construction,re_dev_inv,re_land_purchase_area
上海,2006,1576.07,1795.57,10825.4,219.5,0.0202763870157222,,,3025.4,7196.0,3274.27,10938.75,1275.59,524.56
上海,2007,2074.48,2181.68,13179.8,107.19999999999982,0.0081336590843563,0.3162359539868153,0.2150347800419922,3694.96,8361.0,3380.12,10766.72,1307.53,141.44
上海,2008,2358.75,2593.92,14877.1,235.17000000000007,0.0158075162498067,0.137031930893525,0.1889553005023652,2339.29,8195.0,2570.74,10784.23,1435.73,326.36
上海,2009,2540.3,2989.65,16181.4,449.3499999999999,0.0277695378644616,0.0769687334393216,0.1525606032568467,3372.45,12840.0,2104.98,9949.45,1462.07,184.92
上海,2010,2873.58,3302.89,18319.6,429.31,0.0234344636345771,0.131197102704405,0.1047748064154665,2060.96,14464.0,1941.25,11295.03,1980.68,432.4
上海,2011,3429.83,3914.88,20406.1,485.0500000000002,0.0237698531321516,0.193573869528602,0.18528924669002,1790.86,14603.24,2384.33,13033.17,2253.83,636.35
上海,2012,3743.71,4184.02,21774.9,440.3100000000004,0.0202209883857101,0.0915147397975992,0.0687479565146313,1898.46,14061.37,2305.06,13249.97,2381.36,300.62
上海,2013,4109.51,4528.61,23809.4,419.09999999999945,0.0176022915319159,0.0977105598457146,0.0823585929321559,2382.2,16420.0,2254.44,13516.58,2819.59,421.74
上海,2014,4585.55,4923.44,25964.5,337.8899999999994,0.0130135377149569,0.1158386279629444,0.0871856927401564,2084.66,16787.0,2313.29,14690.18,3206.48,313.18
上海,2015,5519.5,6191.56,27821.6,672.0600000000004,0.0241560514132904,0.2036724057092387,0.2575678793688967,2431.36,20949.0,2647.18,15095.33,3468.94,263.39
上海,2016,6406.13,6918.94,30963.9,512.8099999999995,0.0165615442499168,0.1606359271673159,0.1174792782432858,2705.69,24747.0,2550.64,15111.24,3709.03,229.11
上海,2017,6642.26,7547.62,34378.3,905.3599999999996,0.0263352172736871,0.0368600075240435,0.0908636293998792,1691.6,23804.0,3387.56,15362.25,3856.53,179.73
上海,2018,7108.15,8351.54,37769.1,1243.3900000000012,0.0329208268134533,0.0701402835781797,0.1065130464967765,1767.01,26890.08,3115.76,14672.37,4033.18,144.58
上海,2019,7165.1,8179.28,40241.2,1014.1799999999994,0.0252025287516276,0.0080119299677132,-0.0206261360180279,1696.34,30677.0,2669.67,14802.97,4231.38,144.81
上海,2020,7046.3,8102.11,41603.9,1055.8099999999995,0.0253776689204617,-0.0165803687317692,-0.0094348157784058,1789.16,33798.0,2877.78,15740.34,4698.75,270.74
上海,2021,7771.8,8430.86,47059.4,659.0600000000004,0.0140048534405453,0.1029618381278116,0.0405758499946311,1880.45,36102.0,2739.55,16627.9,5035.18,376.51
上海,2022,7608.0,9393.0,48594.5,1785.0,0.036732552037782,-0.0210761985640391,0.1141212165781426,1852.88,40302.0,1676.4,16678.19,4979.54,148.02
上海,2023,8312.5,9638.51,51404.5,1326.0100000000002,0.0257956015523932,0.0925998948475288,0.0261375492387949,1811.71,40170.0,2112.35,17618.37,6062.04,
上海,2024,8374.17,9874.84,53759.5,1500.67,0.0279145081334461,0.0074189473684209,0.024519349982518,1656.86,41484.0,1709.22,16818.02,6228.91,
上海,2025,,,,,,0.0,0.0,,,,,,
乌鲁木齐,2006,57.04,49.53,654.3,-7.509999999999998,-0.0114779153293596,,,413.45,2166.36,213.79,628.64,53.11,136.3
乌鲁木齐,2007,73.43,68.32,820.28,-5.110000000000014,-0.0062295801433656,0.2873422159887799,0.3793660407833634,498.69,2667.14,330.46,915.33,81.8,222.06
乌鲁木齐,2008,100.98,99.35,1020.35,-1.6300000000000097,-0.0015974910569902,0.3751872531662807,0.4541861826697893,296.1,3244.0,395.71,1044.0,99.96,145.6
乌鲁木齐,2009,113.54,133.88,1095.0,20.33999999999999,0.0185753424657534,0.1243810655575361,0.3475591343734272,537.27,3446.0,398.88,1288.66,113.3,90.59
乌鲁木齐,2010,147.99,159.61,1338.5,11.620000000000005,0.0086813597310422,0.3034172978685925,0.1921870331640276,444.61,4524.0,262.08,1509.36,143.03,146.69
乌鲁木齐,2011,229.59,238.49,1690.03,8.900000000000006,0.0052661787068868,0.5513886073383336,0.4942046237704403,465.84,5253.78,321.69,1851.72,194.29,116.65
乌鲁木齐,2012,252.01,295.6,2004.1,43.59000000000003,0.021750411656105,0.0976523367742496,0.2394649670845738,371.61,5639.12,650.78,2390.52,220.69,93.82
乌鲁木齐,2013,301.9,353.2,2202.85,51.30000000000001,0.0232880132555553,0.1979683345898972,0.1948579161028416,535.67,6111.0,418.6,3351.29,270.59,204.9
乌鲁木齐,2014,340.62,404.81,2461.47,64.19,0.0260779127919495,0.128254388870487,0.1461211778029445,461.79,6429.0,681.35,3859.0,329.98,124.79
乌鲁木齐,2015,368.67,446.66,2631.64,77.99000000000001,0.029635512456111,0.082349832658094,0.103381833452731,524.96,6669.0,373.19,3755.8,366.87,168.95
乌鲁木齐,2016,369.67,417.56,2458.98,47.88999999999999,0.0194755549048792,0.0027124528711313,-0.0651502261227779,582.0,6314.0,397.61,3855.08,362.5,94.0
乌鲁木齐,2017,400.78,458.58,2743.82,57.80000000000001,0.021065521790788,0.0841561392593392,0.0982373790592967,606.94,6668.0,471.9,4156.16,422.74,151.0
乌鲁木齐,2018,458.28,659.79,3099.77,201.51,0.0650080489842794,0.143470233045561,0.4387674996729032,605.3,8357.46,569.82,4605.11,659.15,436.64
乌鲁木齐,2019,472.46,620.28,3413.0,147.82,0.0433108702021681,0.0309417823164876,-0.0598826899468012,657.42,8690.0,480.68,4862.05,544.13,81.97
乌鲁木齐,2020,392.64,536.87,3337.0,144.23000000000002,0.0432214563979622,-0.1689455191973923,-0.134471528986909,716.09,8081.0,99.94,5230.52,550.4,430.46
乌鲁木齐,2021,377.93,419.59,3691.57,41.65999999999997,0.0112851713498592,-0.0374643439282803,-0.2184513941922625,764.16,8116.0,518.87,6056.27,537.77,134.29
乌鲁木齐,2022,314.82,455.77,3893.22,140.95,0.0362039648414423,-0.1669885957717037,0.0862270311494555,449.43,8268.0,158.04,5529.36,311.95,12.36
乌鲁木齐,2023,369.79,504.05,4168.0,134.26,0.0322120921305182,0.1746077123435614,0.1059306229019023,549.0,8959.0,295.09,5465.92,358.08,
乌鲁木齐,2024,371.3,465.52,4502.16,94.21999999999996,0.0209277324661939,0.0040833986857404,-0.0764408292828092,409.01,9442.0,519.89,5155.57,366.65,
乌鲁木齐,2025,,,,,,0.0,0.0,,,,,,
兰州,2006,33.14,63.13,638.47,29.99,0.0469716666405626,,,208.63,2614.24,164.44,908.06,53.84,99.57
兰州,2007,46.63,83.3,732.76,36.67,0.0500436705060319,0.4070609535304768,0.3194994455884681,268.98,2966.6,228.05,983.96,74.45,160.86
兰州,2008,50.86,99.66,846.28,48.8,0.0576641300751524,0.0907141325327041,0.1963985594237696,140.17,3145.0,130.17,1088.57,92.43,130.83
兰州,2009,57.04,119.83,926.0,62.79,0.0678077753779697,0.1215100275265435,0.2023881196066626,244.03,3624.0,209.58,1259.19,99.08,197.09
兰州,2010,72.76,146.93,1100.4,74.17,0.0674027626317702,0.2755960729312763,0.2261537177668364,228.21,4233.0,206.97,1467.21,118.28,119.71
兰州,2011,86.49,175.48,1360.03,88.99,0.0654323801680845,0.1887025838372731,0.1943102157489959,131.09,4747.41,177.08,1724.04,154.84,110.13
兰州,2012,103.73,202.6,1563.8,98.87,0.0632241974677068,0.199329402243034,0.1545475267836791,190.35,5697.52,168.28,2342.49,209.74,64.11
兰州,2013,124.5,242.34,1776.28,117.84,0.0663408922016799,0.2002313699026316,0.1961500493583416,253.46,5868.0,158.49,2622.13,257.44,169.53
兰州,2014,152.33,280.1,2000.94,127.77,0.0638549881555668,0.2235341365461849,0.1558141454155319,480.36,6460.0,118.52,3284.56,317.08,386.23
兰州,2015,185.19,344.0,2095.99,158.81,0.0757684912618858,0.2157158799973739,0.2281328097108175,628.12,6495.0,194.51,3800.49,320.56,84.69
兰州,2016,215.48,424.16,2264.23,208.68000000000004,0.092163781947947,0.1635617473945676,0.2330232558139535,828.79,6601.0,260.52,4010.16,391.15,39.53
兰州,2017,234.2,429.36,2523.54,195.16000000000005,0.077335806050231,0.0868758121403379,0.0122595247076575,697.93,7634.0,192.98,4140.2,418.26,58.71
兰州,2018,253.32,465.64,2732.94,212.32,0.0776892284499476,0.0816396242527754,0.0844978572759456,642.42,7923.93,137.7,4314.16,575.22,86.51
兰州,2019,233.23,456.66,2837.0,223.43000000000004,0.078755727881565,-0.0793068056213485,-0.0192852847693496,718.44,7626.0,131.1,5137.89,550.67,46.51
兰州,2020,247.13,486.24,2887.0,239.11,0.0828229996536196,0.0595978218925523,0.0647746682433318,846.48,8401.0,179.35,5058.56,553.77,45.52
兰州,2021,276.73,484.59,3231.29,207.86,0.0643272501075421,0.1197750171974265,-0.003393385982231,799.58,7941.0,423.6,5576.37,602.76,36.83
兰州,2022,220.98,498.8,3343.5,277.82000000000005,0.0830925676686107,-0.2014599067683302,0.0293237582286056,282.23,7977.0,482.34,4794.19,486.45,7.49
兰州,2023,255.33,502.92,3487.0,247.59,0.0710037281330656,0.1554439315775184,0.0082598235765838,335.75,8656.0,387.05,4351.16,401.54,
兰州,2024,251.91,547.64,3742.25,295.73,0.0790246509452869,-0.0133944307366937,0.0889207030939314,305.75,8255.0,209.19,3782.03,297.31,
兰州,2025,,,,,,0.0,0.0,,,,,,
北京,2006,1117.15,1296.84,8618.9,179.68999999999983,0.0208483681212219,,,2607.62,8279.51,3193.89,10483.53,1719.87,295.01
北京,2007,1492.64,1649.5,10730.4,156.8599999999999,0.0146182807723849,0.3361142192185471,0.2719379414576972,2176.57,11553.26,2891.65,10438.65,1995.82,391.55
北京,2008,1837.32,1959.29,12167.6,121.97000000000004,0.0100241625299977,0.2309197127237645,0.1878084267959987,1335.37,12418.0,2557.99,10014.32,1908.74,823.44
北京,2009,2026.81,2319.37,13335.7,292.55999999999995,0.0219381059861874,0.1031339124376808,0.1837808593929433,2362.25,13799.0,2678.55,9719.08,2337.71,625.01
北京,2010,2353.93,2717.32,15420.2,363.3900000000003,0.0235658422069752,0.1613964801831449,0.1715767643799826,1639.53,17782.0,2386.71,10300.86,2901.07,858.75
北京,2011,3006.28,3245.23,17653.3,238.94999999999985,0.0135357128695484,0.2771322851571629,0.1942759778016574,1439.2,16851.95,2245.24,12065.38,3036.31,507.04
北京,2012,3314.93,3685.31,19568.3,370.3800000000001,0.0189275511924899,0.1026684141197757,0.1356082619721867,1943.74,17021.63,2390.86,13122.49,3153.44,305.99
北京,2013,3661.11,4173.66,21746.0,512.5499999999997,0.0235698519267911,0.1044305611279876,0.1325125973120307,1903.11,18553.0,2666.35,13886.87,3483.4,906.17
北京,2014,4027.16,4524.67,23577.5,497.5100000000002,0.0211010497296151,0.0999833383864454,0.0841012444712794,1454.19,18833.0,3054.12,13588.08,3715.33,580.76
北京,2015,4723.86,5737.7,26034.1,1013.84,0.0389427712116032,0.1730003277744116,0.2680924796725505,1554.25,22633.0,2631.45,12993.08,4177.05,390.96
北京,2016,5081.26,6406.77,28438.7,1325.5100000000002,0.0466093738462025,0.0756584657462331,0.1166094428080939,1658.93,27497.0,2369.95,12976.0,4000.57,268.5
北京,2017,5430.79,6824.53,31325.9,1393.7399999999998,0.0444916187563645,0.0687880565056697,0.0652060242524703,869.95,32140.0,1466.67,12412.74,3692.54,413.3
北京,2018,5785.92,7471.43,35161.4,1685.5100000000002,0.0479363734094774,0.0653919595491632,0.0947904104751535,696.19,34142.89,1557.9,12962.61,3873.35,218.19
北京,2019,5817.1,7408.19,37767.0,1591.0899999999992,0.0421291074218232,0.0053889441955643,-0.0084642431234717,938.86,35905.0,1343.28,12514.99,3838.38,144.03
北京,2020,5483.89,7116.18,38503.6,1632.29,0.0423931788196428,-0.0572811194581492,-0.0394171855743439,970.88,37665.0,1545.72,13918.64,3938.71,147.07
北京,2021,5932.31,7205.12,44350.7,1272.8099999999995,0.0286987578550056,0.0817704220908881,0.012498278570806,1107.07,40526.0,1983.86,14055.32,4139.03,230.6
北京,2022,5714.36,7469.15,45222.4,1754.79,0.0388035575290121,-0.0367394825961557,0.0366447748267897,1039.98,38240.0,1938.48,13333.15,4178.46,188.82
北京,2023,6181.1,7971.25,47353.7,1790.1499999999996,0.037803804137797,0.0816784381803037,0.0672231780055294,1131.82,37595.0,2112.42,12531.34,4202.41,
北京,2024,6372.68,8396.49,49670.2,2023.8099999999995,0.0407449537147021,0.030994483182605,0.0533467147561548,1118.65,31976.0,1652.53,11309.53,3758.29,
北京,2025,,,,,,0.0,0.0,,,,,,
南京,2006,246.44,262.46,2773.78,16.019999999999982,0.0057755121170388,,,1010.5,4477.1,807.46,3321.96,351.17,188.03
南京,2007,330.19,342.94,3283.73,12.75,0.0038827796438805,0.3398393118000324,0.3066372018593311,1137.88,5303.84,682.97,3582.75,445.97,518.9
南京,2008,386.56,404.67,3775.0,18.110000000000014,0.0047973509933774,0.1707198885490173,0.1800023327695807,703.55,5109.0,1062.26,4097.72,508.17,295.81
南京,2009,434.51,461.27,4230.0,26.75999999999999,0.0063262411347517,0.1240428394039734,0.1398670521659624,1186.94,7185.0,1516.28,4366.07,595.68,284.92
南京,2010,518.8,542.18,5130.7,23.379999999999995,0.0045568830763833,0.1939886308715563,0.1754070284215318,823.17,9565.0,1039.57,4570.49,748.35,192.35
南京,2011,635.0,666.21,6145.52,31.21000000000004,0.0050784962053658,0.2239784117193524,0.2287616658674243,767.71,9310.72,1169.09,5644.43,871.76,32.79
南京,2012,733.02,769.66,7201.6,36.63999999999999,0.0050877582759386,0.1543622047244093,0.1552813677368996,950.87,10106.36,1699.73,6050.06,971.96,120.6
南京,2013,831.31,850.91,8011.78,19.600000000000023,0.002446397679417,0.134089110801888,0.1055660941194813,1222.01,11495.0,1039.39,6156.48,1037.71,121.11
南京,2014,903.49,921.2,8820.75,17.710000000000036,0.0020077657795538,0.0868268155080536,0.0826056809768367,1207.58,11198.0,967.4,6540.23,1125.49,71.29
南京,2015,1020.03,1045.57,9720.77,25.539999999999964,0.0026273638816678,0.1289886993768607,0.1350086843247935,1543.16,11489.0,1449.1,7084.44,1429.02,116.84
南京,2016,1142.6,1173.84,10503.02,31.24000000000001,0.0029743826061456,0.1201631324568883,0.1226794953948564,1558.18,17754.0,1241.33,7691.41,1845.6,283.19
南京,2017,1271.91,1354.09,11715.1,82.17999999999984,0.0070148782340739,0.1131717136355681,0.1535558508825734,1429.61,15653.0,1077.49,8163.04,2170.21,288.62
南京,2018,1470.02,1532.72,12820.4,62.700000000000045,0.0048906430376587,0.1557578759503424,0.1319188532519994,1220.73,22379.87,1176.85,8656.96,2354.17,186.36
南京,2019,1580.03,1658.07,14031.0,78.03999999999996,0.0055619699237402,0.0748357165208637,0.081782713085234,1320.65,19007.0,1587.06,9001.67,2501.26,94.65
南京,2020,1637.7,1754.62,14818.0,116.91999999999985,0.0078904035632338,0.036499306975184,0.0582303521564226,1324.67,24682.0,1448.42,8663.99,2631.4,223.09
南京,2021,1729.52,1817.73,16356.0,88.21000000000004,0.005393127904133,0.0560664346339379,0.035967901881889,1510.95,26896.0,1171.18,8597.29,2719.8,209.16
南京,2022,1558.21,1828.69,16907.85,270.48,0.0159973030278835,-0.0990506036356908,0.006029498330335,942.32,25768.0,690.79,7845.46,2758.77,61.36
南京,2023,1619.98,1838.7,17421.0,218.72000000000003,0.0125549624016991,0.0396416400870229,0.005473863804144,906.77,22599.0,997.5,7467.23,2764.36,
南京,2024,1596.02,1705.26,18500.81,109.24,0.0059046063388575,-0.0147903060531611,-0.0725730135421766,930.12,17631.0,962.68,7180.39,2190.63,
南京,2025,,,,,,0.0,0.0,,,,,,
南宁,2006,56.62,93.08,870.15,36.46,0.0419008216974085,,,456.0,2872.42,363.24,1751.86,139.07,252.23
南宁,2007,70.15,118.0,1069.01,47.85,0.0447610405889561,0.2389614977039917,0.2677266867211001,628.84,3404.0,419.77,2116.78,187.46,351.61
南宁,2008,191.17,166.08,1316.21,-25.08999999999997,-0.0190623076864633,1.7251603706343546,0.4074576271186441,497.23,3952.0,456.13,2231.86,202.46,287.5
南宁,2009,120.46,203.55,1525.0,83.09000000000002,0.0544852459016393,-0.3698802113302296,0.2256141618497109,731.74,4557.0,439.71,2620.22,226.73,149.4
南宁,2010,156.1,261.28,1800.3,105.17999999999998,0.0584235960673221,0.2958658475842604,0.2836158192090394,669.4,5135.0,519.25,3183.12,322.82,190.06
南宁,2011,186.29,302.31,2211.4,116.02,0.0524645021253504,0.1934016655989749,0.1570345988977344,711.73,5196.0,564.69,3563.05,392.42,191.85
南宁,2012,229.72,376.51,2503.2,146.79,0.0586409395973154,0.2331311396210209,0.2454434190069796,629.01,6002.89,664.53,3747.04,362.73,101.34
南宁,2013,256.25,418.4,2803.54,162.14999999999998,0.0578375910456066,0.1154884206860527,0.1112586651084963,702.6,6959.0,325.58,3812.35,416.37,80.11
南宁,2014,274.85,465.78,3148.3,190.92999999999995,0.0606454276911348,0.0725853658536586,0.1132409177820268,802.57,6627.0,465.43,4519.36,551.82,245.72
南宁,2015,297.05,526.72,3410.09,229.67,0.0673501285889815,0.0807713298162633,0.1308342994546782,1000.73,6646.0,574.97,5174.93,657.19,149.75
南宁,2016,312.79,586.98,3703.33,274.19,0.0740387705119446,0.052987712506312,0.1144061360874848,1327.53,6887.0,471.61,6191.24,854.0,192.76
南宁,2017,332.15,646.37,4118.83,314.22,0.0762886547878888,0.0618945618466062,0.1011789158063307,1544.13,7776.0,578.22,7171.62,958.09,165.95
南宁,2018,358.96,697.99,4026.91,339.03000000000003,0.0841911043455155,0.0807165437302424,0.0798613797051224,1745.19,7782.17,792.21,8129.81,1106.36,121.36
南宁,2019,370.93,789.2,4507.0,418.27,0.092804526292434,0.0333463338533541,0.1306752245734179,1805.23,8406.0,710.77,9704.05,1461.08,289.82
南宁,2020,372.25,819.86,4726.0,447.61,0.0947122302158273,0.0035586229207666,0.0388494678155093,1837.59,8605.0,799.91,10712.49,1378.2,491.75
南宁,2021,392.0,778.0,5120.94,386.0,0.0753767862931415,0.0530557421087978,-0.0510574976215452,1494.08,8301.0,986.97,11246.52,1359.95,156.48
南宁,2022,392.68,838.93,5218.35,446.25,0.0855155365201644,0.001734693877551,0.0783161953727504,1324.72,6680.0,1043.52,10381.45,743.83,49.86
南宁,2023,400.88,816.48,5469.0,415.6,0.0759919546535015,0.0208821432209431,-0.0267602779731324,952.23,7602.0,1065.72,9555.77,496.41,
南宁,2024,381.16,796.99,5995.36,415.83,0.0693586373462144,-0.0491917780882058,-0.0238707622966882,807.38,6947.0,474.73,7167.26,444.12,
南宁,2025,,,,,,0.0,0.0,,,,,,
南昌,2006,68.11,93.37,1183.9,25.260000000000005,0.0213362615085733,,,383.51,3125.98,427.56,1341.06,110.75,196.86
南昌,2007,87.22,116.86,1389.89,29.64,0.0213254286310427,0.2805755395683453,0.2515797365320766,478.99,3558.05,371.01,1525.59,125.6,99.37
南昌,2008,102.15,148.17,1660.08,46.01999999999998,0.0277215555876825,0.1711763357028204,0.2679274345370528,335.48,3461.0,331.06,1825.93,163.3,100.41
南昌,2009,115.88,181.75,1838.0,65.87,0.0358378672470076,0.1344101811062161,0.2266315718431533,494.69,3774.0,365.21,1782.03,198.25,153.27
南昌,2010,146.47,232.03,2200.1,85.56,0.0388891414026635,0.2639799792889197,0.276643741403026,520.84,4566.0,399.12,2146.18,230.15,164.45
南昌,2011,187.03,299.37,2688.87,112.34,0.0417796323362602,0.2769167747661638,0.2902210921001595,499.13,5939.3,446.18,2610.34,279.89,208.93
南昌,2012,240.02,345.51,3000.5,105.48999999999998,0.0351574737543742,0.283323530984334,0.1541236596853392,689.86,6418.98,417.92,3123.29,344.36,129.45
南昌,2013,291.91,419.37,3336.03,127.45999999999998,0.0382070904638147,0.216190317473544,0.2137709472953026,841.49,7101.0,373.75,3992.51,406.14,257.13
南昌,2014,342.21,473.16,3667.96,130.95000000000005,0.0357010436318825,0.1723133842622723,0.1282638243078904,824.66,6589.0,510.97,4244.74,414.07,254.51
南昌,2015,389.34,543.18,4000.01,153.83999999999995,0.0384599038502403,0.1377224511265011,0.1479837687040324,901.02,7126.0,433.82,4458.93,485.37,89.7
南昌,2016,402.18,583.26,4354.99,181.08,0.0415798888171959,0.0329788873478194,0.0737876946868443,1244.65,8218.0,417.14,4982.72,674.6,134.26
南昌,2017,417.08,653.12,5003.19,236.04,0.0471779004994813,0.0370480879208314,0.1197750574357918,1610.43,8527.0,558.97,5948.81,790.69,148.46
南昌,2018,461.75,752.41,5274.67,290.66,0.0551048691197743,0.1071017550589814,0.1520241303282703,1846.31,8560.79,634.51,6093.95,890.43,102.62
南昌,2019,477.0,834.11,5596.0,357.11,0.0638152251608291,0.0330265295073091,0.10858441541181,1906.13,9534.0,830.49,6611.93,913.04,124.63
南昌,2020,483.86,838.17,5746.0,354.30999999999995,0.0616620257570483,0.0143815513626834,0.0048674635239955,1770.83,10978.0,846.27,6068.95,971.57,228.54
南昌,2021,484.83,870.01,6650.53,385.18,0.0579171885548971,0.0020047121068076,0.0379875204314161,2019.49,10281.0,628.37,5927.1,975.84,58.64
南昌,2022,457.68,939.04,7203.5,481.36,0.0668230721177205,-0.0559990099622548,0.0793439155871771,1390.7,10335.0,333.71,4982.65,787.42,48.13
南昌,2023,500.18,925.55,7213.0,425.37,0.0589726882018577,0.0928596399230903,-0.014365735218947,717.77,10447.0,510.64,4728.09,496.63,
南昌,2024,526.21,940.07,7800.37,413.86,0.0530564575782943,0.0520412651445481,0.0156879693155422,690.05,9741.0,273.12,3987.07,473.49,
南昌,2025,,,,,,0.0,0.0,,,,,,
厦门,2006,136.17,159.13,1168.02,22.960000000000008,0.0196571976507251,,,433.27,6340.16,287.49,1996.95,213.93,168.1
厦门,2007,186.53,198.66,1387.85,12.129999999999995,0.0087401376229419,0.3698318278622312,0.2484132470307296,497.7,8249.64,378.59,2838.78,345.74,118.65
厦门,2008,220.23,238.09,1560.02,17.860000000000014,0.0114485711721644,0.1806679890634213,0.1984798147588846,389.47,5256.0,625.04,3447.88,327.02,157.46
厦门,2009,240.56,268.05,1737.0,27.49000000000001,0.0158261370178468,0.0923125823003223,0.1258347683649041,529.29,7951.0,711.08,3094.96,267.42,210.45
厦门,2010,289.17,306.95,2060.1,17.779999999999973,0.0086306489976214,0.2020701696042568,0.1451221786980039,426.77,8883.0,680.41,3089.12,396.13,309.92
厦门,2011,370.77,389.07,2539.31,18.30000000000001,0.0072066821301849,0.2821869488536153,0.2675354292230005,445.39,10555.66,602.93,3513.17,438.12,139.26
厦门,2012,422.91,460.98,2817.1,38.06999999999999,0.0135138972702424,0.1406262642608626,0.184825352764284,615.34,12280.46,422.41,3579.73,518.88,188.91
厦门,2013,490.6,516.74,3018.16,26.139999999999983,0.0086609059824528,0.1600576954907664,0.1209596945637554,786.71,13625.0,343.79,3785.86,531.8,125.1
厦门,2014,543.8,548.25,3273.58,4.4500000000000455,0.0013593680313296,0.1084386465552382,0.0609784417695553,790.21,15378.0,585.48,4219.86,704.06,58.3
厦门,2015,606.1,651.17,3466.03,45.069999999999936,0.0130033496536382,0.1145641780066202,0.1877245782033743,570.83,16122.0,446.65,4333.83,774.07,97.75
厦门,2016,647.94,758.64,3784.27,110.69999999999992,0.0292526696033845,0.0690315129516581,0.1650413870417864,528.86,20021.0,453.55,4312.2,765.8,98.0
厦门,2017,696.87,797.1,4351.7,100.23000000000002,0.0230323781510674,0.0755162515047689,0.0506959822840873,527.88,22599.0,426.36,4287.7,879.86,82.44
厦门,2018,754.54,892.5,4791.41,137.96000000000004,0.0287931944876351,0.0827557507139065,0.1196838539706435,529.42,20906.93,639.73,4343.24,884.58,74.08
厦门,2019,768.38,912.98,5995.0,144.60000000000002,0.0241201000834028,0.0183423012696477,0.0229467787114845,540.77,22622.0,370.73,4089.16,899.53,71.57
厦门,2020,783.94,976.91,6384.0,192.9699999999999,0.0302271303258145,0.0202503969390146,0.0700234397248569,621.82,24467.0,348.79,3616.04,1055.76,25.62
厦门,2021,880.96,1060.0,7033.89,179.03999999999996,0.0254539095720859,0.1237594713881165,0.0850538944222087,593.04,25004.0,385.85,3661.02,1069.66,55.84
厦门,2022,883.81,1088.74,7802.66,204.9300000000001,0.0262641201846549,0.0032351071558298,0.0271132075471698,607.63,20423.0,269.53,3514.91,1064.78,45.41
厦门,2023,932.14,1084.65,8066.0,152.5100000000001,0.0189077609719811,0.054683698985076,-0.0037566361114682,603.79,21035.0,332.71,3443.31,1435.6,
厦门,2024,933.35,1059.2,8589.01,125.85000000000002,0.0146524453924259,0.0012980882700024,-0.0234637901627253,484.68,15390.0,368.47,3234.48,976.06,
厦门,2025,,,,,,0.0,0.0,,,,,,
合肥,2006,79.4,102.89,1073.76,23.489999999999995,0.0218763969602145,,,650.31,3110.15,547.49,2504.14,281.81,414.32
合肥,2007,169.32,167.08,1334.61,-2.2399999999999807,-0.0016783929387611,1.1324937027707804,0.6238701525901449,1042.69,3307.08,609.14,3169.31,387.53,488.22
合肥,2008,222.08,222.25,1664.84,0.1699999999999875,0.0001021119146584,0.3115993385305931,0.330201101268853,933.13,3592.0,560.13,4020.39,567.16,265.95
合肥,2009,180.9,245.86,2102.0,64.96000000000001,0.0309039010466222,-0.185428674351585,0.1062317210348706,1297.95,4228.0,600.55,4751.29,670.36,324.46
合肥,2010,259.43,317.72,2701.6,58.29000000000002,0.0215761030500444,0.4341072415699281,0.2922801594403319,1004.7,5905.0,794.61,5338.63,819.03,656.4
合肥,2011,338.51,474.89,3636.6,136.38,0.0375020623659462,0.3048221100104074,0.4946808510638296,1245.98,6325.74,892.92,5699.53,889.6,471.49
合肥,2012,389.5,572.1,4164.3,182.6,0.0438489061787095,0.1506307051490354,0.2047000357977637,1242.48,6155.91,921.02,6071.64,913.8,476.41
合肥,2013,438.62,630.89,4672.91,192.27,0.0411456672608717,0.1261103979460847,0.1027617549379478,1628.09,6283.0,1435.33,7015.32,1105.81,658.62
合肥,2014,500.34,698.79,5157.97,198.45,0.0384744385872736,0.1407140577265058,0.107625735072675,1594.79,7157.0,1055.13,6986.81,1127.35,631.87
合肥,2015,571.54,772.66,5660.27,201.12,0.0355318739212087,0.1423032338010152,0.1057113009630934,1589.21,7695.0,1033.9,7199.3,1259.14,417.23
合肥,2016,614.85,859.85,6274.38,245.0,0.0390476827989379,0.075777723343948,0.1128439417078663,2098.34,9369.0,1180.33,7818.54,1352.59,501.64
合肥,2017,655.9,965.34,7213.45,309.44000000000005,0.0428976425982019,0.0667642514434414,0.1226841891027505,1283.4,10751.0,1179.34,8283.56,1557.41,684.87
合肥,2018,712.49,1004.91,7822.91,292.42,0.0373799519616101,0.0862783960969659,0.0409907390142332,1389.58,12146.95,1419.79,8233.22,1527.17,385.43
合肥,2019,745.99,1122.67,9409.0,376.68000000000006,0.0400340099904346,0.0470182037642634,0.1171846234986218,1321.87,13365.0,1481.6,7874.2,1556.08,466.74
合肥,2020,762.9,1164.35,10046.0,401.44999999999993,0.0399611785785387,0.0226678641804849,0.0371257805054021,1486.11,14321.0,1613.7,7998.95,1546.99,539.47
合肥,2021,844.22,1223.72,11412.8,379.5,0.0332521379503715,0.106593262550793,0.0509898226478293,1836.59,13382.0,1896.8,8284.96,1466.42,325.37
合肥,2022,909.25,1380.18,12013.1,470.93000000000006,0.0392013718357459,0.0770296842055389,0.1278560455006048,1459.18,12415.0,2333.59,8106.44,1457.09,428.53
合肥,2023,929.63,1411.34,12674.0,481.7099999999999,0.0380077323654726,0.0224140775364312,0.022576765349447,1109.25,14365.0,2345.19,7412.33,1544.63,
合肥,2024,955.01,1581.06,13507.69,626.05,0.0463476730662311,0.0273011843421575,0.1202545098983944,974.03,11652.0,1633.67,6490.97,1582.46,
合肥,2025,,,,,,0.0,0.0,,,,,,
呼和浩特,2006,45.52,75.5,900.08,29.98,0.0333081503866323,,,215.32,2367.73,168.56,996.56,94.99,363.23
呼和浩特,2007,57.96,100.51,1101.13,42.55,0.038642122183575,0.2732864674868189,0.3312582781456954,225.89,2595.99,216.31,1567.12,129.83,355.87
呼和浩特,2008,82.25,133.18,1316.37,50.93000000000001,0.0386897300910838,0.4190821256038648,0.3250422843498159,331.89,2731.0,252.79,1787.12,177.07,327.69
呼和浩特,2009,106.79,165.16,1644.0,58.36999999999999,0.0355048661800486,0.2983586626139818,0.2401261450668268,379.58,3887.0,461.09,1837.76,178.99,226.97
呼和浩特,2010,126.76,177.28,1865.7,50.52,0.0270783084097121,0.1870025283266223,0.0733833858077017,471.88,4105.0,462.78,2461.13,254.35,407.41
呼和浩特,2011,151.43,255.67,2177.27,104.23999999999998,0.0478764691563287,0.1946197538655727,0.442181859205776,449.71,4367.46,319.94,3418.0,330.03,197.2
呼和浩特,2012,178.64,275.32,2475.6,96.68,0.0390531588301825,0.1796869840850556,0.0768568858293894,478.18,5445.14,357.98,4442.06,447.99,109.44
呼和浩特,2013,182.02,294.84,2710.39,112.81999999999996,0.0416250059954471,0.018920734437976,0.0708993171582157,420.45,5233.0,400.05,5805.39,581.68,76.69
呼和浩特,2014,211.54,310.91,2894.05,99.37000000000003,0.0343359651699176,0.1621799802219534,0.0545041378374713,363.91,5474.0,461.87,5860.47,563.13,49.82
呼和浩特,2015,247.4,360.65,3090.52,113.24999999999996,0.0366443187554197,0.169518767136239,0.159981988356759,381.81,5193.0,301.29,5574.45,509.05,22.7
呼和浩特,2016,269.65,419.97,3173.59,150.32000000000005,0.047365916832357,0.089935327405012,0.1644807985581591,425.49,6425.0,333.36,5133.32,520.52,27.86
呼和浩特,2017,201.5,403.04,2743.72,201.54,0.0734550172758153,-0.2527350268867049,-0.0403124032669,316.51,6510.0,379.83,4170.59,238.4,16.03
呼和浩特,2018,204.72,356.74,2903.5,152.02,0.0523574995694851,0.0159801488833746,-0.1148769352917824,396.05,8345.54,354.1,3504.62,174.25,5.17
呼和浩特,2019,203.12,417.92,2791.0,214.8,0.0769616624865639,-0.0078155529503711,0.1714974491226102,326.0,10042.0,85.59,3464.82,175.22,80.36
呼和浩特,2020,217.1,438.57,2801.0,221.47,0.079068189932167,0.0688263095706971,0.0494113705972434,413.76,11001.0,158.76,3152.4,246.89,30.41
呼和浩特,2021,228.92,420.75,3121.43,191.83,0.061455807114047,0.0544449562413633,-0.0406320541760721,309.66,10797.0,45.28,3318.21,270.72,51.98
呼和浩特,2022,230.87,420.98,3329.1,190.11,0.0571055240154996,0.0085182596540276,0.0005466428995841,145.83,11072.0,218.21,3110.87,219.09,1.7
呼和浩特,2023,238.06,592.97,3802.0,354.91,0.0933482377695949,0.0311430675271797,0.4085467243099434,187.79,10855.0,345.07,2919.84,234.58,
呼和浩特,2024,255.12,581.61,4107.08,326.49,0.0794944340017725,0.0716626060656977,-0.0191577988768403,186.1,10447.0,194.08,2319.75,280.92,
呼和浩特,2025,,,,,,0.0,0.0,,,,,,
哈尔滨,2006,118.29,194.68,2094.08,76.39,0.036479026589242,,,674.41,2702.93,667.28,1585.62,157.83,284.13
哈尔滨,2007,132.05,232.38,2436.8,100.32999999999998,0.0411728496388706,0.1163242877673513,0.193651119786316,748.95,3053.44,698.24,1502.22,187.42,317.53
哈尔滨,2008,164.01,301.27,2868.19,137.26,0.047855964911669,0.2420295342673228,0.2964540838282123,587.08,3793.0,467.28,1610.76,215.76,348.12
哈尔滨,2009,193.36,348.41,3175.0,155.05,0.0488346456692913,0.1789525028961649,0.1564709396886514,705.28,4226.0,529.32,1926.63,279.23,377.0
哈尔滨,2010,238.14,452.97,3664.9,214.83000000000004,0.0586182433354252,0.2315887463798094,0.3001061967222524,881.75,5333.0,749.89,2939.04,360.74,388.58
哈尔滨,2011,300.32,557.14,4242.19,256.82,0.0605394855015923,0.2611069119005627,0.2299710797624565,998.59,5398.19,738.52,4599.29,570.46,768.91
哈尔滨,2012,354.72,643.58,4550.2,288.86,0.063482923827524,0.1811401172083113,0.1551495135872493,1195.28,5517.65,1095.82,5577.06,789.04,334.63
哈尔滨,2013,402.28,709.78,5017.05,307.5,0.0612909976978503,0.1340775823184481,0.1028621150439725,1370.48,6194.0,1056.95,5947.06,857.94,265.18
哈尔滨,2014,423.52,740.08,5340.07,316.56000000000006,0.0592801217961562,0.0527990454409863,0.042689284003494,1041.05,6182.0,1369.83,6086.31,686.66,128.2
哈尔滨,2015,407.73,824.84,5751.21,417.11,0.072525607654737,-0.0372827729505099,0.1145281591179332,895.98,6419.0,1360.56,5578.78,593.98,107.98
哈尔滨,2016,376.24,876.29,6101.61,500.05,0.081953779412319,-0.0772324822799401,0.062375733475583,1057.96,6680.0,1518.21,4842.49,512.13,56.88
哈尔滨,2017,368.1,958.47,6355.05,590.37,0.0928977742110604,-0.0216351265149904,0.0937817389220463,1269.54,8339.0,678.24,4482.15,498.59,133.72
哈尔滨,2018,384.37,962.17,6300.48,577.8,0.0917072984915435,0.0441999456669381,0.0038603190501527,1050.58,9208.3,448.97,4673.76,584.99,119.06
哈尔滨,2019,370.91,1101.14,5249.0,730.23,0.1391179272242332,-0.0350183417020057,0.1444339357909727,964.78,9920.0,682.37,5509.27,620.45,181.44
哈尔滨,2020,339.57,1162.25,5184.0,822.6800000000001,0.158695987654321,-0.0844948909438948,0.0554970303503641,768.5,9467.0,469.23,5490.29,622.05,239.28
哈尔滨,2021,365.81,992.08,5351.66,626.27,0.1170235029878579,0.0772741997231794,-0.1464142826414282,609.45,8760.0,308.82,5406.34,531.37,125.88
哈尔滨,2022,,,5490.1,,,0.0,0.0,408.97,8408.0,252.82,5134.83,341.05,44.79
哈尔滨,2023,313.07,1080.7,5576.0,767.6300000000001,0.1376667862266858,-0.1441732046690905,0.0893274735908393,388.65,8586.0,366.57,4933.32,228.21,
哈尔滨,2024,337.84,1257.56,6016.33,919.72,0.1528706038398824,0.0791196856932954,0.1636531877486813,313.86,8611.0,279.26,4450.94,179.2,
哈尔滨,2025,,,,,,0.0,0.0,,,,,,
大连,2006,196.14,266.52,2569.67,70.38,0.0273887308487081,,,628.78,4525.23,537.8,2196.08,337.23,477.27
大连,2007,267.98,344.57,3130.68,76.58999999999997,0.0244643336271991,0.3662689915366577,0.2928485667116915,828.24,5567.76,428.31,2754.48,407.83,354.72
大连,2008,339.07,410.0,3858.25,70.93,0.0183839823754292,0.2652809911187401,0.1898888469686857,822.71,5774.0,755.56,3334.94,495.82,202.28
大连,2009,400.23,471.16,4350.0,70.93,0.0163057471264367,0.1803757336243254,0.1491707317073172,1152.68,6249.0,549.65,3489.06,578.94,427.04
大连,2010,500.83,611.47,5158.2,110.64000000000004,0.0214493427939979,0.2513554706044023,0.2977969267340181,1215.33,7044.0,570.97,5060.54,768.02,600.19
大连,2011,651.13,734.94,6150.63,83.81000000000006,0.0136262464170337,0.3001018309606054,0.2019232341733854,909.91,8052.0,942.87,6193.38,1107.46,611.19
大连,2012,750.11,890.96,7002.8,140.85000000000002,0.0201133832181413,0.1520126549229801,0.2122894385936267,1076.36,8003.54,750.0,6213.43,1396.52,509.69
大连,2013,850.16,1083.54,7650.79,233.38,0.030504039452135,0.133380437535828,0.2161488731256171,1222.13,8263.0,1046.57,6396.17,1710.36,336.26
大连,2014,780.86,989.46,7655.58,208.6,0.0272480987723987,-0.0815140679401523,-0.0868265130959631,746.4,9216.0,726.32,6279.66,1429.34,342.53
大连,2015,579.91,910.69,7731.64,330.7800000000001,0.0427826437857944,-0.2573444663576058,-0.0796090797000383,637.33,8929.0,289.32,4911.5,897.46,170.81
大连,2016,611.9,870.28,6810.2,258.38,0.0379401486006284,0.0551637323032885,-0.0443729479844953,707.49,9354.0,191.92,4655.07,535.17,137.25
大连,2017,657.64,919.84,7363.92,262.20000000000005,0.0356060359156536,0.0747507762706325,0.0569471894103048,839.84,10315.0,294.1,4477.89,566.64,61.68
大连,2018,703.99,1001.49,7668.48,297.5,0.0387951719245535,0.0704792895809258,0.0887654374673856,775.95,11546.3,326.03,4219.82,688.51,111.56
大连,2019,692.84,1016.28,7002.0,323.43999999999994,0.0461925164238788,-0.0158382931575732,0.0147679956864272,658.87,11972.0,292.91,3855.62,711.06,127.04
大连,2020,702.68,1001.98,7030.0,299.30000000000007,0.042574679943101,0.0142024132555855,-0.0140709253355374,714.84,13302.0,167.25,3711.92,753.06,58.29
大连,2021,737.6,980.05,7825.95,242.44999999999996,0.0309802643768488,0.0496954516992087,-0.0218866644044791,687.71,13746.0,406.03,4099.94,728.95,113.14
大连,2022,669.77,991.08,8430.95,321.31000000000006,0.0381107704351229,-0.0919604121475055,0.0112545278302127,434.33,12506.0,217.09,3739.93,608.84,228.89
大连,2023,750.24,1013.5,8753.0,263.26,0.0300765451845081,0.1201457216656465,0.0226217863341,309.03,11676.0,324.6,3383.46,458.13,
大连,2024,774.77,1085.14,9516.87,310.3700000000001,0.032612613180594,0.0326962038814244,0.0706857424765665,292.72,11074.0,276.25,2894.95,362.42,
大连,2025,,,,,,0.0,0.0,,,,,,
天津,2006,417.05,543.12,3592.5,126.07,0.0350925539318023,,,1458.6,4773.54,1520.24,4142.6,402.32,905.24
天津,2007,540.44,674.33,4229.8,133.89,0.0316539789115324,0.2958638052991249,0.2415856532626308,1548.59,5811.11,1704.36,4836.49,505.3,920.33
天津,2008,675.62,867.72,5278.3,192.1,0.0363942936172631,0.2501295240914809,0.2867883677131375,1252.04,6015.0,1799.37,5704.27,653.72,512.76
天津,2009,821.99,1124.28,5828.6,302.29,0.051863226160656,0.2166454515852105,0.2956714147420827,1590.02,6886.0,1902.06,6052.16,735.18,444.78
天津,2010,1068.81,1376.84,6991.6,308.03,0.044057154299445,0.3002712928381124,0.2246415483687336,1514.52,8230.0,2098.55,7160.84,866.64,652.46
天津,2011,1455.13,1796.33,8240.8,341.1999999999998,0.0414037472090088,0.3614487139903259,0.3046759245809245,1594.57,8744.77,2102.8,9233.98,1080.25,756.89
天津,2012,1760.02,2143.21,9193.0,383.19000000000005,0.041682802132057,0.2095276710671898,0.1931048304042131,1661.69,8217.67,2542.75,9864.22,1260.0,299.75
天津,2013,2079.07,2549.21,10075.2,470.1399999999999,0.0466630935366047,0.1812763491323963,0.1894354729587861,1847.11,8746.0,2805.37,10892.17,1480.82,210.64
天津,2014,2390.35,2884.7,10749.2,494.3499999999999,0.0459894689837383,0.1497207886218357,0.1316054777754676,1612.98,9219.0,2924.82,10652.37,1699.65,122.74
天津,2015,2667.11,3232.35,10889.2,565.2399999999998,0.0519083128237152,0.1157822076264982,0.120515131556141,1771.07,10107.0,2903.57,10230.22,1871.55,173.98
天津,2016,2723.5,3699.43,11487.0,975.9299999999998,0.0849595194567772,0.0211427350203028,0.1445016783454762,2711.08,12830.0,2914.25,9349.76,2300.01,476.91
天津,2017,2310.36,3282.54,12468.2,972.1799999999998,0.0779727627083299,-0.1516945107398567,-0.1126903333756821,1482.12,15331.0,2023.41,8795.82,2233.39,225.99
天津,2018,2106.24,3103.16,13411.1,996.92,0.0743354385546301,-0.0883498675531087,-0.0546467065138581,1249.87,16054.64,2092.22,10324.37,2424.49,226.32
天津,2019,2410.41,3555.71,14097.2,1145.3000000000002,0.0812430837329398,0.144413742023701,0.1458352131375759,1478.68,15380.0,1655.5,11453.43,2727.82,548.94
天津,2020,1923.11,3151.35,14230.8,1228.24,0.0863085701436321,-0.2021647769466605,-0.1137213102305868,1306.96,16172.0,1634.47,12034.51,2608.54,267.06
天津,2021,2141.06,3152.55,16093.2,1011.4900000000002,0.0628520120299257,0.113332050688728,0.0003807891855871,1435.42,16182.0,1892.82,12627.78,2769.98,389.32
天津,2022,1846.69,2729.83,16588.5,883.1399999999999,0.0532380866262772,-0.1374879732468963,-0.1340882777434141,973.77,15572.0,1503.65,11085.1,2127.94,182.88
天津,2023,2027.51,3280.42,17211.8,1252.91,0.0727936648113503,0.0979157303066566,0.2016938783733786,1178.51,16087.0,1864.41,9587.14,1232.04,
天津,2024,2134.2,3627.18,17931.3,1492.98,0.0832611132488999,0.0526211954564959,0.1057059766737185,1183.81,14819.0,814.23,7676.99,1262.23,
天津,2025,,,,,,0.0,0.0,,,,,,
太原,2006,75.33,95.42,1013.65,20.090000000000003,0.0198194643121393,,,137.23,3578.51,146.79,1067.16,80.32,52.07
太原,2007,88.42,155.8,1254.94,67.38000000000001,0.0536918099670103,0.1737687508296828,0.6327813875497801,167.23,3862.37,118.9,1168.2,94.82,139.73
太原,2008,116.92,152.86,1468.09,35.94000000000001,0.0244807879625908,0.3223252657769735,-0.0188703465982028,182.94,4013.0,179.35,1310.14,121.17,248.18
太原,2009,117.53,159.91,1545.0,42.38,0.0274304207119741,0.0052172425590146,0.0461206332591912,183.8,4830.0,176.67,1772.7,165.01,181.6
太原,2010,138.48,189.64,1778.1,51.16,0.0287722850233395,0.1782523610992936,0.1859170783565755,258.82,7244.0,137.63,2366.52,241.09,193.6
太原,2011,174.72,239.31,2080.12,64.59,0.0310510932061611,0.2616984402079723,0.2619173170217255,216.18,6816.03,229.28,2812.37,310.55,150.69
太原,2012,215.67,277.44,2311.4,61.77000000000001,0.0267240633382365,0.234375,0.159333082612511,324.81,6805.39,230.94,3651.05,359.24,88.34
太原,2013,247.33,319.11,2412.87,71.78,0.0297488053645658,0.1467983493299949,0.1501946366782007,423.31,7158.0,248.39,4184.22,416.23,180.63
太原,2014,258.85,322.69,2531.09,63.839999999999975,0.0252223350414248,0.0465774471354061,0.0112187020149792,419.21,7651.0,585.79,4636.18,469.68,66.04
太原,2015,274.24,419.99,2735.34,145.75,0.0532840524395504,0.0594552829824222,0.3015277820818742,448.28,7508.0,423.32,4830.54,597.83,238.68
太原,2016,282.69,424.07,2955.6,141.38,0.0478346190282852,0.0308124270711784,0.0097145170123098,609.84,7667.0,560.46,5716.47,681.9,155.86
太原,2017,311.85,479.06,3382.18,167.20999999999998,0.0494385278134221,0.1031518624641834,0.1296719881151697,786.41,9017.0,393.68,5565.06,470.63,98.7
太原,2018,373.23,542.46,3884.48,169.23000000000002,0.0435656767443776,0.1968253968253968,0.1323425040704713,839.42,11058.6,357.58,6033.42,529.41,44.35
太原,2019,386.62,610.55,4029.0,223.92999999999995,0.0555795482750061,0.0358760013932426,0.1255207757253988,741.1,11181.0,457.12,7063.71,696.54,215.98
太原,2020,378.44,647.34,4153.0,268.90000000000003,0.064748374668914,-0.0211577259324401,0.0602571451969538,781.36,10759.0,348.48,7659.31,714.82,177.87
太原,2021,423.44,628.99,5121.61,205.55,0.0401338641559978,0.1189092062149879,-0.0283467729477554,821.78,10244.0,607.99,8473.83,665.47,71.42
太原,2022,437.48,715.9,5571.17,278.42,0.049975139871876,0.0331569998110712,0.1381738978362134,507.37,9835.0,148.55,8110.6,541.41,41.27
太原,2023,449.24,777.26,5574.0,328.02,0.058848223896663,0.0268812288561761,0.0857102947339014,532.78,10193.0,196.74,7723.63,518.23,
太原,2024,440.26,744.38,5418.87,304.12,0.0561224019029797,-0.019989315288042,-0.0423024470576126,399.01,11437.0,194.86,6709.0,507.68,
太原,2025,,,,,,0.0,0.0,,,,,,
宁波,2006,257.38,292.7,2874.44,35.31999999999999,0.0122876108041914,,,609.31,5437.49,736.21,2750.73,313.58,262.88
宁波,2007,329.12,371.04,3435.0,41.920000000000016,0.0122037845705968,0.2787318361955087,0.2676460539801846,804.43,6251.49,742.8,3014.33,332.89,178.83
宁波,2008,390.39,439.41,3964.05,49.02000000000004,0.0123661406894464,0.1861631016042779,0.1842658473479947,448.38,7224.0,833.63,3105.35,307.75,167.97
宁波,2009,432.8,506.08,4329.0,73.27999999999997,0.0169276969276969,0.108634954788801,0.1517261782845178,815.18,8992.0,665.96,3104.34,374.51,196.14
宁波,2010,530.93,600.74,5163.0,69.81000000000006,0.0135212085996513,0.2267329020332715,0.1870455263989883,693.56,11224.0,649.04,3820.7,557.27,286.72
宁波,2011,657.55,750.72,6059.24,93.17000000000009,0.0153765158666763,0.2384871828677981,0.2496587542031494,526.53,11031.73,842.79,5209.81,711.46,220.27
宁波,2012,725.5,828.44,6582.2,102.94000000000004,0.0156391480052262,0.1033381491901757,0.1035272804774083,590.22,11239.84,839.91,6080.51,884.35,57.33
宁波,2013,792.81,939.89,7128.87,147.08000000000004,0.0206316008006879,0.0927773949000687,0.1345299599246776,730.09,11100.0,867.48,6833.96,1123.14,239.92
宁波,2014,860.61,1000.86,7610.28,140.25,0.0184290196944133,0.0855185984031483,0.0648692932151635,726.44,10745.0,1271.09,7422.16,1328.14,232.08
宁波,2015,1006.41,1252.64,8003.61,246.23000000000013,0.0307648673536067,0.1694147174678424,0.2515636552564795,1007.21,10708.0,1007.76,6737.89,1228.84,103.25
宁波,2016,1114.54,1289.26,8686.49,174.72000000000003,0.0201139931088391,0.1074413012589303,0.0292342572486907,1336.95,11228.0,1097.22,6565.28,1270.33,175.95
宁波,2017,1245.29,1410.6,9842.1,165.30999999999997,0.0167962121904877,0.1173129721678898,0.0941160045297302,1543.64,13324.0,1032.62,6833.12,1374.47,278.64
宁波,2018,1379.69,1594.1,10745.46,214.40999999999983,0.0199535431707902,0.1079266676838328,0.1300864880192827,1624.38,15142.05,688.87,7472.48,1587.47,569.6
宁波,2019,1468.51,1767.89,11985.0,299.3800000000001,0.024979557780559,0.0643767802912247,0.1090207640674989,1714.64,15065.0,712.14,8347.74,1703.59,243.12
宁波,2020,1510.84,1742.09,12409.0,231.25,0.0186356676605689,0.0288251356817454,-0.0145936681580868,1858.2,16411.0,1706.92,10575.61,1818.88,288.69
宁波,2021,1723.14,1944.42,14594.92,221.28,0.0151614397338251,0.1405178576156311,0.1161421051725226,1606.23,18782.0,1499.99,10778.64,2075.59,209.43
宁波,2022,1680.23,2187.81,15704.3,507.5799999999999,0.032321084034309,-0.0249022134011166,0.1251735736106396,1128.8,17165.0,1628.41,9660.77,2131.68,125.06
宁波,2023,1785.86,2235.09,16453.0,449.23000000000025,0.0273038351668388,0.0628663932913946,0.0216106517476382,901.56,18025.0,2972.07,9569.29,2218.61,
宁波,2024,1790.47,2230.37,18147.7,439.8999999999999,0.0242399863343564,0.0025813893586283,-0.0021117717854762,796.27,15582.0,2073.55,6687.44,1873.2,
宁波,2025,,,,,,0.0,0.0,,,,,,
广州,2006,427.08,506.79,6073.83,79.71000000000004,0.0131235151461269,,,1316.88,6547.92,988.56,4847.76,556.79,462.13
广州,2007,523.79,623.69,7109.18,99.90000000000008,0.0140522535651087,0.2264446942024913,0.2306675348763789,1351.33,8673.07,881.68,5184.85,703.8,280.57
广州,2008,621.84,713.35,8215.82,91.51,0.0111382673914472,0.1871933408427042,0.1437573153329376,1024.96,9123.0,1057.98,5543.16,763.54,186.37
广州,2009,702.65,789.92,9138.0,87.26999999999998,0.0095502298095863,0.1299530425833011,0.1073386135837946,1375.42,9351.0,1078.72,5551.91,817.34,576.92
广州,2010,872.65,977.32,10748.3,104.67000000000009,0.0097382841937794,0.2419412225147654,0.2372392140976302,1405.13,11921.0,1094.59,6464.12,983.66,187.59
广州,2011,979.48,1181.25,12423.44,201.77,0.0162410733259065,0.1224202142898069,0.208662464699382,1194.08,12103.52,1292.47,7692.59,1305.56,339.06
广州,2012,1102.4,1343.65,13551.2,241.25,0.0178028514079933,0.125495160697513,0.1374814814814815,1333.13,13162.67,1290.79,7845.62,1370.45,142.97
广州,2013,1141.8,1386.13,15420.14,244.33000000000013,0.0158448626277063,0.0357402031930331,0.0316153760279835,1699.98,15330.0,1141.3,8159.31,1572.43,182.18
广州,2014,1243.1,1436.22,16706.87,193.1200000000001,0.0115593166164577,0.0887195655981782,0.0361365817059005,1540.02,15719.0,1919.46,9369.93,1816.15,318.69
广州,2015,1349.47,1727.72,18100.41,378.25,0.0208973166906164,0.0855683372214626,0.2029633343081143,1653.07,14612.0,1511.49,9345.57,2137.59,134.85
广州,2016,1393.64,1943.75,19547.44,550.1099999999999,0.0281423040561833,0.0327313686113808,0.1250376218368716,1949.1,16384.0,1202.24,10061.92,2540.85,246.91
广州,2017,1536.74,2186.01,21503.15,649.2700000000002,0.0301941808525727,0.1026807496914554,0.1246353697749196,1757.75,17633.0,1320.66,10658.49,2702.89,162.77
广州,2018,1634.22,2506.18,22859.35,871.9599999999998,0.0381445666652813,0.0634329815063055,0.1464631909277631,1550.28,20013.6,1523.98,10999.01,2701.93,186.92
广州,2019,1699.04,2865.33,23629.0,1166.29,0.0493584155063692,0.0396641823010366,0.1433057481904731,1464.64,22363.0,2899.19,11985.91,3102.26,148.32
广州,2020,1722.79,2952.65,25019.0,1229.86,0.0491570406491066,0.0139784819662869,0.0304746748193054,1539.4,25056.0,1389.79,11878.29,3293.95,380.87
广州,2021,1884.26,3021.18,28231.97,1136.9199999999998,0.0402706576976385,0.0937258748889882,0.0232096591197736,1736.31,28034.0,1093.13,12750.78,3626.44,267.93
广州,2022,1855.1,3022.45,28839.0,1167.35,0.0404781719199694,-0.0154755713118147,0.0004203655525325,1374.07,26356.0,1351.74,12946.25,3431.9,87.74
广州,2023,1945.06,2971.65,30356.0,1026.59,0.0338183555145605,0.0484933426769447,-0.016807556783404,1404.49,29040.0,1013.04,12676.79,3311.45,
广州,2024,1954.74,2782.5,31032.5,827.76,0.0266739708370256,0.0049767102300186,-0.0636515067386805,1159.25,26865.0,822.77,12589.25,3066.03,
广州,2025,,,,,,0.0,0.0,,,,,,
成都,2006,186.77,252.24,2750.48,65.47,0.0238031180012216,,,1590.56,3645.72,1203.09,4857.74,613.64,1283.74
成都,2007,286.38,356.05,3324.17,69.67000000000002,0.0209586152332762,0.5333297638807089,0.4115524896923566,2225.5,4276.09,1087.17,6472.53,905.28,548.59
成都,2008,354.69,506.43,3900.99,151.74,0.0388978182461375,0.2385292269013199,0.4223564106164863,1459.5,4857.0,1208.29,7555.15,923.51,339.94
成都,2009,387.36,600.97,4503.0,213.61,0.0474372640461914,0.0921086018776959,0.1866793041486485,2708.76,4925.0,1740.61,8405.64,945.14,215.91
成都,2010,526.94,777.38,5551.3,250.43999999999997,0.0451137571379676,0.3603366377529946,0.2935421069271344,2559.28,5937.0,1577.86,9778.9,1278.34,249.79
成都,2011,680.69,857.87,6854.58,177.17999999999995,0.0258484108435527,0.2917789501651042,0.1035400962206385,2676.04,6716.71,1555.74,12620.39,1588.22,255.42
成都,2012,780.9,983.85,8138.9,202.95000000000005,0.0249358021354237,0.1472182638205348,0.146852087146071,2844.09,7288.24,2107.73,14150.98,1889.23,152.71
成都,2013,898.54,1161.75,9108.89,263.21000000000004,0.0288959467070082,0.1506466897169931,0.1808202469888702,2950.13,7197.0,1879.65,15239.3,2111.25,271.93
成都,2014,1025.17,1340.0,10056.59,314.8299999999999,0.0313058402500251,0.1409286175351125,0.1534323219281257,2951.3,7032.0,2119.26,17202.89,2215.53,365.47
成都,2015,1157.64,1468.42,10801.16,310.78,0.02877283551026,0.1292175931796677,0.0958358208955223,2997.43,6875.0,1435.73,18334.84,2435.25,387.47
成都,2016,1175.41,1595.89,12170.23,420.48,0.034549881144399,0.0153501952247676,0.0868075891093829,3928.77,7504.0,2734.24,19880.94,2638.89,531.16
成都,2017,1275.53,1756.66,13889.39,481.1300000000001,0.0346401101848245,0.0851787886779931,0.1007400259416375,3925.91,8733.0,1857.47,19396.65,2492.65,162.28
成都,2018,1424.16,1837.42,15342.77,413.26,0.0269351622946834,0.1165241115457889,0.0459736090080038,3682.52,9866.6,1724.77,19514.56,2273.16,307.41
成都,2019,1482.96,2006.95,17013.0,523.99,0.0307993887027567,0.0412874957869902,0.0922652414799012,3543.28,10867.0,1823.13,20619.9,2611.71,170.67
成都,2020,1520.38,2159.48,17717.0,639.0999999999999,0.0360726985381272,0.0252333171494849,0.0760008968833303,3680.3,12148.0,1430.24,19122.23,2847.64,358.67
成都,2021,1697.63,2237.69,19916.98,540.06,0.027115556675761,0.1165826964311553,0.0362170522533202,3644.11,12858.0,1460.76,19544.1,3142.38,146.86
成都,2022,1722.43,2435.01,20817.5,712.5800000000002,0.034229854689564,0.0146086014031325,0.0881802215677776,2549.4,14243.0,1235.1,19338.18,3271.72,104.9
成都,2023,1929.06,2586.83,22075.0,657.77,0.0297970554926387,0.1199642365727489,0.0623488199227106,2204.57,17329.0,1746.16,17764.84,2449.59,
成都,2024,1949.5,2610.39,23511.34,660.8899999999999,0.0281094144357573,0.010595834240511,0.0091076723248144,1968.14,15596.0,1468.81,16653.38,2415.38,
成都,2025,,,,,,0.0,0.0,,,,,,
拉萨,2006,3.9,15.69,,11.79,,,,,,,,,
拉萨,2007,5.75,24.62,121.91,18.87,0.1547863177754081,0.4743589743589744,0.5691523263224985,,,,,,
拉萨,2008,8.03,33.02,142.05,24.99,0.1759239704329461,0.3965217391304347,0.3411860276198213,,,,,,
拉萨,2009,10.05,37.73,163.0,27.68,0.1698159509202453,0.2515566625155667,0.1426408237431857,,,,,,
拉萨,2010,15.02,51.35,,36.33,,0.4945273631840794,0.3609859528226877,,,,,,
拉萨,2011,23.43,75.63,222.42,52.2,0.23469112489884,0.5599201065246338,0.4728334956183055,,,,,,
拉萨,2012,34.36,106.9,260.1,72.54,0.2788927335640138,0.4664959453691848,0.4134602670897793,,,,,,
拉萨,2013,50.16,131.92,304.87,81.75999999999999,0.2681798799488306,0.459837019790454,0.2340505144995321,,,,,,
拉萨,2014,64.79,169.49,347.45,104.7,0.3013383220607282,0.2916666666666669,0.2847938144329898,,,,,,
拉萨,2015,62.42,200.4,376.73,137.98000000000002,0.3662570010352242,-0.0365797190924526,0.1823706413357719,,,,,,
拉萨,2016,70.79,248.11,424.95,177.32,0.4172726203082715,0.1340916372957385,0.2380738522954091,,,,,44.54,
拉萨,2017,89.63,257.47,479.25,167.84000000000003,0.3502138758476787,0.2661392852097752,0.0377252025311354,,,,,,
拉萨,2018,110.1,300.12,540.78,190.02,0.3513813380672362,0.2283833537877941,0.1656503670330522,,,,,,
拉萨,2019,117.04,365.41,618.0,248.37,0.4018932038834951,0.0630336058128975,0.2175463148074103,,,,,,
拉萨,2020,107.26,349.66,678.0,242.40000000000003,0.3575221238938053,-0.0835611756664388,-0.0431022686844914,,,,,,
拉萨,2021,106.94,318.38,741.84,211.44,0.2850210287932708,-0.0029834048107403,-0.0894583309500658,,,,,,
拉萨,2022,72.47,355.33,747.57,282.86,0.378372593870808,-0.3223302786609313,0.1160562849425215,,,,,,
拉萨,2023,109.14,452.12,835.0,342.98,0.4107544910179641,0.5060024837863943,0.2723946753721893,,,,,,
拉萨,2024,120.64,465.35,990.04,344.71000000000004,0.3481778513999435,0.1053692505039398,0.0292621427939485,,,,,,
拉萨,2025,,,,,,0.0,0.0,,,,,,
昆明,2006,103.72,133.68,1207.29,29.960000000000008,0.0248159100133356,,,913.3,2903.32,585.42,1568.76,188.93,363.62
昆明,2007,133.1,164.65,1405.05,31.55000000000001,0.0224547169139888,0.283262630158118,0.2316726511071214,928.82,3108.12,346.39,1884.1,228.02,434.49
昆明,2008,174.99,233.49,1511.68,58.5,0.0386986663844199,0.3147257700976711,0.4180989978742788,585.92,3750.0,454.21,2177.29,274.2,690.62
昆明,2009,,,1809.0,,,0.0,0.0,853.27,3807.0,741.64,2877.58,382.15,537.94
昆明,2010,253.83,346.31,2120.4,92.48,0.0436144123750235,0.4505400308589062,0.48318985823804,1241.01,3660.0,590.78,3513.74,437.14,325.72
昆明,2011,317.69,441.73,2509.58,124.04000000000002,0.049426597279226,0.2515857069692313,0.2755334815627617,1121.3,4715.23,565.62,4443.6,633.03,445.81
昆明,2012,378.4,525.54,3011.1,147.14,0.0488658629736641,0.1910982404230539,0.1897312838159055,1051.35,5744.68,629.63,5885.0,919.07,453.1
昆明,2013,450.75,585.76,3415.31,135.01,0.0395308185786941,0.1911997885835095,0.11458690109221,1211.2,5795.0,602.68,7705.66,1291.71,782.36
昆明,2014,477.97,593.66,3712.99,115.68999999999994,0.0311581771025507,0.0603882418191903,0.0134867522534827,1289.37,6384.0,630.54,8772.72,1492.62,324.16
昆明,2015,502.22,615.49,3968.01,113.26999999999998,0.0285457949954763,0.0507354018034604,0.0367718896337971,1305.03,7393.0,721.96,9200.41,1451.31,193.39
昆明,2016,530.0,688.4,4300.08,158.39999999999998,0.036836523971647,0.0553144040460356,0.1184584639880419,1520.87,7030.0,468.97,9518.45,1530.5,231.06
昆明,2017,560.86,775.9,4857.64,215.04,0.044268410174488,0.0582264150943396,0.1271063335270192,1827.25,8010.0,680.33,10090.2,1683.33,408.9
昆明,2018,595.63,756.8,5206.9,161.16999999999996,0.0309531583091666,0.0619940805192025,-0.0246165743008119,1909.72,10472.2,324.26,10293.44,1839.79,209.21
昆明,2019,630.03,820.86,6476.0,190.83000000000004,0.0294672637430512,0.0577539747830029,0.0846458773784355,1916.23,11197.0,485.88,12236.93,2096.25,265.38
昆明,2020,650.47,875.05,6734.0,224.57999999999996,0.0333501633501633,0.0324428995444663,0.0660161294252368,1878.8,11325.0,293.04,11359.07,2263.71,280.09
昆明,2021,689.12,928.16,7222.5,239.04,0.0330965732087227,0.0594185742616877,0.0606936746471631,1297.56,10852.0,710.27,12826.85,2149.06,89.0
昆明,2022,505.25,863.32,7541.37,358.07000000000005,0.0474807627791767,-0.2668185511957278,-0.0698586450611962,822.5,9720.0,965.08,12051.99,1487.0,24.16
昆明,2023,558.0,837.79,7865.0,279.79,0.035574062301335,0.1044037605145966,-0.0295718852800815,749.49,9275.0,1018.63,10361.0,634.26,
昆明,2024,547.22,842.85,8275.22,295.63,0.0357247299769673,-0.0193189964157705,0.0060396996860789,639.02,8821.0,586.16,8558.41,492.74,
昆明,2025,,,,,,0.0,0.0,,,,,,
杭州,2006,301.39,275.48,3441.51,-25.909999999999968,-0.0075286720073456,,,761.76,6218.29,783.26,4548.46,442.65,518.21
杭州,2007,391.62,335.72,4100.17,-55.89999999999998,-0.0136335810466395,0.2993795414579117,0.2186728619137505,1150.28,7615.67,948.47,4775.62,518.79,537.69
杭州,2008,455.35,419.67,4781.16,-35.68000000000001,-0.0074626241330555,0.162734283233747,0.2500595734540687,775.02,8409.0,1030.63,4987.39,615.41,383.2
杭州,2009,520.79,490.4,5088.0,-30.389999999999983,-0.0059728773584905,0.1437136268804215,0.1685371839778873,1456.38,10555.0,836.95,5140.8,704.68,371.44
杭州,2010,671.34,616.58,5949.2,-54.75999999999999,-0.0092045989376722,0.2890800514602816,0.2573001631321372,988.34,14132.0,1100.18,6227.05,956.2,417.88
杭州,2011,785.15,747.51,7019.06,-37.63999999999999,-0.0053625414229255,0.169526618404981,0.2123487625287876,738.04,13285.97,1223.86,7709.15,1201.51,375.14
杭州,2012,859.99,786.28,7802.0,-73.71000000000004,-0.0094475775442194,0.0953193657262942,0.0518655268825833,1089.62,13447.38,1055.09,8288.95,1597.36,112.39
杭州,2013,945.2,855.74,8343.52,-89.46000000000004,-0.010722093313134,0.0990825474714822,0.0883400315409268,1139.13,15022.0,1172.24,9327.52,1853.28,227.65
杭州,2014,1027.32,961.18,9206.16,-66.13999999999999,-0.0071843200639571,0.0868810833685991,0.123214995208825,1122.91,13896.0,1501.64,10506.53,2301.98,128.17
杭州,2015,1233.88,1205.48,10050.21,-28.40000000000009,-0.0028258115999566,0.2010668535607211,0.2541667533656548,1482.17,14422.0,1665.23,11145.9,2472.6,138.75
杭州,2016,1402.38,1404.31,11313.72,1.9299999999998363,0.0001705893375476,0.1365610918403734,0.1649384477552509,2327.86,15753.0,1922.99,11567.82,2606.41,219.28
杭州,2017,1567.42,1540.92,12603.36,-26.5,-0.0021026139061329,0.1176856486829531,0.0972790907990401,2054.11,20354.0,2085.61,11527.37,2734.2,147.17
杭州,2018,1825.06,1717.08,13509.15,-107.98000000000002,-0.0079931009723039,0.1643720253665257,0.114321314539366,1675.98,23917.29,1636.93,11755.16,3068.9,212.38
杭州,2019,1965.97,1952.85,15373.0,-13.120000000000118,-0.0008534443504846,0.077208420545078,0.13730868684045,1513.62,25922.0,1727.56,12000.92,3396.75,110.19
杭州,2020,2093.39,2069.66,16106.0,-23.730000000000015,-0.0014733639637402,0.0648127896153043,0.0598151419719896,1699.34,27043.0,1799.08,13315.09,3575.33,280.17
杭州,2021,2386.59,2392.04,18109.42,5.449999999999818,0.0003009483462198,0.1400599028370253,0.1557647149773393,2236.25,29465.0,1732.56,13291.26,3628.33,223.62
杭州,2022,2450.61,2542.09,18753.07,91.48000000000002,0.0048781346200915,0.026824884039571,0.0627288841323725,1393.66,32522.0,1028.18,13281.27,3889.1,310.23
杭州,2023,2616.81,2636.23,20059.0,19.420000000000076,0.0009681439752729,0.067819848935571,0.0370325204851125,1447.34,31536.0,1662.21,14362.92,4400.69,
杭州,2024,2640.33,2690.35,21860.32,50.01999999999998,0.0022881641256852,0.0089880426932027,0.0205293164860425,1038.06,28530.0,1727.98,13399.9,4222.17,
杭州,2025,,,,,,0.0,0.0,,,,,,
武汉,2006,178.6,257.81,2590.76,79.21000000000001,0.0305740400500239,,,960.88,3689.64,873.83,2876.92,366.15,449.73
武汉,2007,221.68,307.23,3141.9,85.55000000000001,0.027228746936567,0.2412094064949608,0.1916915557969047,1135.41,4664.03,933.37,3195.41,459.75,502.87
武汉,2008,277.32,377.88,3960.08,100.56,0.0253934263954263,0.2509924215084806,0.229958011912899,732.07,4781.0,869.83,3798.3,560.36,326.35
武汉,2009,316.07,503.64,4621.0,187.57,0.0405907812161869,0.1397302754940141,0.3328040647824706,1086.99,5329.0,945.05,4487.38,778.59,228.78
武汉,2010,390.19,583.55,5565.9,193.36,0.0347401139079034,0.2345050147119309,0.1586649193868636,1211.71,5746.0,904.79,5055.86,1017.4,234.97
武汉,2011,673.26,765.04,6762.2,91.77999999999996,0.0135725059891751,0.7254670801404444,0.3110101962128353,1329.34,7192.9,1170.4,5994.11,1282.25,397.72
武汉,2012,828.58,885.55,8003.8,56.96999999999992,0.0071178690122191,0.2306983928942756,0.1575211753633796,1576.11,7344.05,1054.45,6862.97,1574.86,456.95
武汉,2013,978.52,1122.88,9051.27,144.36000000000013,0.0159491430484341,0.1809601969634795,0.268002936028457,1995.36,7717.0,679.31,8545.13,1905.6,502.82
武汉,2014,1101.02,1175.1,10069.48,74.07999999999993,0.0073568843674151,0.1251890610309447,0.0465054146480476,2273.16,7951.0,765.42,10238.43,2353.63,227.06
武汉,2015,1245.63,1338.05,10905.6,92.41999999999985,0.0084745451877934,0.131341846651287,0.1386690494426006,2627.19,8556.0,804.58,11062.52,2581.79,161.67
武汉,2016,1322.1,1524.68,11912.61,202.58000000000013,0.0170055092880569,0.0613906216131594,0.1394790927095401,3255.66,10048.0,813.17,11803.1,2517.44,222.12
武汉,2017,1402.93,1728.28,13410.34,325.3499999999999,0.0242611298445826,0.0611375841464338,0.1335362174357897,3532.61,11744.0,776.3,11912.98,2686.34,104.8
武汉,2018,1528.7,1929.31,14847.29,400.6099999999999,0.0269820283701604,0.0896480936326118,0.1163179577383293,3646.94,13108.25,458.63,11759.79,2780.01,77.05
武汉,2019,1564.12,2237.1,16223.0,672.98,0.0414830795783763,0.0231700137371622,0.1595337193089756,3332.34,14258.0,697.5,13556.46,2966.21,179.34
武汉,2020,1230.29,2407.81,15616.0,1177.52,0.0754047131147541,-0.213429915863233,0.0763086138304054,2646.37,14244.0,777.86,15565.89,2777.15,203.44
武汉,2021,1578.65,2215.97,17716.76,637.3199999999997,0.0359727173591559,0.2831527526030448,-0.0796740606609326,2759.39,15067.0,771.17,16251.62,3254.62,222.68
武汉,2022,1504.74,2223.15,18866.43,718.4100000000001,0.0380787462174878,-0.0468184841478478,0.0032401160665533,2122.34,14048.0,835.72,15842.6,3366.79,59.57
武汉,2023,1601.2,2204.08,20012.0,602.8799999999999,0.0301259244453327,0.0641040977178781,-0.0085779187189348,1972.96,14305.0,1195.35,14456.27,3446.88,
武汉,2024,1667.31,2481.0,21106.23,813.69,0.0385521241832387,0.0412877841618786,0.125639722696091,1998.3,12771.0,936.89,14437.71,3332.08,
武汉,2025,,,,,,0.0,0.0,,,,,,
沈阳,2006,175.63,268.76,2519.63,93.13,0.0369617761337974,,,1243.79,3376.17,1185.34,3455.96,538.29,1070.91
沈阳,2007,230.81,339.68,3221.15,108.87,0.0337984881175977,0.3141832261003245,0.2638785533561543,1462.04,3698.98,1290.13,5019.85,730.36,1928.89
沈阳,2008,291.04,406.74,3860.47,115.7,0.0299704440132937,0.2609505654001127,0.1974211022138483,1465.05,4127.0,1291.65,5848.51,1010.91,1549.85
沈阳,2009,320.21,475.88,4269.0,155.67000000000002,0.03646521433591,0.1002267729521713,0.1699857402763436,1532.93,4464.0,1293.55,6847.89,1188.7,475.73
沈阳,2010,465.35,516.62,5017.5,51.26999999999998,0.0102182361733931,0.4532650448143407,0.085609817601076,1746.52,5411.0,1393.22,8851.45,1450.08,1071.69
沈阳,2011,620.12,639.29,5915.71,19.16999999999996,0.0032405239607756,0.3325883743418931,0.237447253300298,2165.17,5884.18,1983.28,10201.28,1684.72,755.89
沈阳,2012,715.04,766.09,6602.6,51.05000000000007,0.007731802623209,0.1530671482938785,0.1983450390276715,2469.65,6321.26,2066.37,11002.63,1942.96,810.35
沈阳,2013,801.0,881.28,7158.57,80.27999999999997,0.0112145302762981,0.1202170507943611,0.1503609236512679,2262.33,6348.0,1459.8,11568.29,2184.01,860.04
沈阳,2014,785.5,914.37,7098.71,128.87,0.0181540026286466,-0.0193508114856429,0.0375476579520697,1498.4,6217.0,1225.87,11495.78,1975.82,305.24
沈阳,2015,606.24,808.58,7272.31,202.34000000000003,0.0278233463644976,-0.2282113303628262,-0.1156971466692914,1065.06,6861.0,1036.99,8341.31,1337.66,223.0
沈阳,2016,620.95,825.39,5546.45,204.43999999999997,0.0368596129055521,0.0242643177619426,0.0207895322664424,1184.32,7128.0,903.15,7058.07,709.67,105.88
沈阳,2017,656.24,855.02,5864.97,198.78,0.0338927564846879,0.0568322731298815,0.0358981814657313,1300.24,8062.0,823.03,6967.08,814.24,113.2
沈阳,2018,720.64,965.44,6292.4,244.80000000000007,0.0389040747568495,0.0981348287211996,0.1291431779373582,1354.82,8892.07,660.64,6525.79,996.72,217.24
沈阳,2019,730.29,1047.65,6470.0,317.3600000000001,0.0490510046367851,0.0133908747779751,0.0851528836592641,1453.53,10192.0,666.4,6626.56,1174.8,267.03
沈阳,2020,736.08,1074.05,6572.0,337.9699999999999,0.0514257455873402,0.0079283572279507,0.0251992554765425,1381.32,11376.0,649.45,7111.84,1235.89,280.32
沈阳,2021,773.02,1032.5,7249.0,259.48,0.0357952821078769,0.0501847625258122,-0.0386853498440481,1092.7,11591.0,1137.25,8120.52,1222.61,297.64
沈阳,2022,713.67,1053.59,7695.8,339.92,0.0441695470256503,-0.076776797495537,0.0204261501210651,648.89,10798.0,737.36,6901.03,940.31,15.99
沈阳,2023,800.85,1084.06,8122.0,283.2099999999999,0.0348694902733316,0.1221572995922486,0.0289201681868658,530.33,10749.0,867.39,6061.97,610.86,
沈阳,2024,825.58,1160.69,9027.14,335.11,0.0371224994848866,0.0308796903290253,0.0706879693005924,522.57,10542.0,554.39,4916.06,510.47,
沈阳,2025,,,,,,0.0,0.0,,,,,,
济南,2006,128.44,146.98,2185.09,18.539999999999992,0.0084847763707673,,,284.66,3524.99,258.78,1071.07,160.05,111.17
济南,2007,157.02,179.98,2562.81,22.95999999999998,0.0089589161896511,0.2225163500467144,0.2245203429037965,320.24,3776.28,249.16,1219.5,193.21,217.51
济南,2008,186.02,221.32,3017.42,35.29999999999998,0.0116987360062569,0.1846898484269519,0.2296921880208913,371.16,4179.0,249.9,1616.94,274.12,233.56
济南,2009,210.19,259.92,3351.0,49.73000000000002,0.0148403461653237,0.1299322653478118,0.1744080968733057,441.06,4897.0,467.22,2131.75,332.56,128.14
济南,2010,266.13,336.8,3910.5,70.67000000000002,0.0180718578186932,0.2661401589038488,0.2957833179439828,531.49,6259.0,245.75,2363.53,484.5,210.76
济南,2011,325.42,396.88,4406.29,71.45999999999998,0.0162177251156868,0.2227858565362792,0.1783847980997623,596.17,6698.36,553.51,3506.34,528.92,191.84
济南,2012,380.82,465.67,4803.7,84.85000000000002,0.0176634677436143,0.1702415340175771,0.173326950211651,659.56,6832.44,492.25,3819.44,664.01,272.72
济南,2013,482.07,519.32,5230.19,37.25000000000006,0.0071221121986008,0.2658736410902789,0.1152103420877446,822.63,7152.0,805.02,4815.08,721.77,217.71
济南,2014,543.13,571.41,5770.6,28.279999999999973,0.0049007035663535,0.1266621030140851,0.1003042440113992,865.35,7369.0,516.76,5265.66,917.54,273.89
济南,2015,614.32,658.18,6100.23,43.8599999999999,0.007189892840106,0.1310735919577266,0.1518524352041441,1192.12,7686.0,615.99,6633.99,1014.4,274.45
济南,2016,641.22,741.26,6536.12,100.03999999999996,0.0153057165413119,0.0437882536788643,0.1262268680300222,1425.29,8247.0,1134.12,7920.35,1163.94,170.34
济南,2017,677.21,834.06,7201.96,156.8499999999999,0.0217787935506445,0.0561273821777237,0.1251922402395919,1216.27,9644.0,631.29,8014.94,1232.63,144.77
济南,2018,752.82,1018.25,7856.56,265.42999999999995,0.0337845061960959,0.1116492668448487,0.2208354315037288,1236.3,11930.0,1203.81,9117.03,1370.43,265.91
济南,2019,874.19,1197.32,9443.0,323.1299999999999,0.0342189981997246,0.1612204776706252,0.1758605450527866,1151.0,11438.0,1043.4,9431.52,1489.38,280.44
济南,2020,906.08,1288.8,10141.0,382.7199999999999,0.0377398678631298,0.0364794838650637,0.0764039688637958,1335.75,11768.0,1272.97,10353.04,1707.63,106.04
济南,2021,1007.61,1293.08,11432.22,285.4699999999999,0.0249706531189917,0.1120541232562246,0.003320918684047,1548.2,12640.0,1115.66,10156.54,1928.0,189.99
济南,2022,1001.14,1225.57,12027.46,224.42999999999995,0.0186598001573066,-0.0064211351614216,-0.0522086800507315,1241.95,12195.0,714.99,8678.88,1830.8,46.89
济南,2023,1060.82,1365.29,12757.0,304.47,0.023866896605785,0.05961204227181,0.1140040960532651,1170.22,13275.0,985.5,8137.75,1489.24,
济南,2024,1083.05,1397.15,13527.55,314.10000000000014,0.0232192821316498,0.0209554872645689,0.0233357015725597,1036.28,11660.0,590.32,8042.65,1557.55,
济南,2025,,,,,,0.0,0.0,,,,,,
海口,2006,21.13,32.25,350.12,11.12,0.0317605392436878,,,141.64,2785.8,80.22,710.92,50.47,332.5
海口,2007,44.85,43.21,393.69,-1.6400000000000006,-0.0041657141405674,1.1225745385707526,0.33984496124031,170.46,3515.72,130.02,686.75,59.97,97.88
海口,2008,31.03,46.79,443.18,15.759999999999998,0.0355611715330114,-0.3081382385730211,0.0828511918537375,176.29,4533.0,117.38,687.73,76.17,178.95
海口,2009,38.44,66.61,490.0,28.17,0.0574897959183673,0.2388011601675796,0.4235947852105151,191.78,5344.0,118.91,675.61,78.44,72.75
海口,2010,50.37,78.99,595.1,28.62,0.0480927575197445,0.3103537981269511,0.18585797928239,209.76,8015.0,128.85,874.24,103.79,53.91
海口,2011,60.93,99.43,713.3,38.50000000000001,0.0539744847890088,0.2096486003573556,0.2587669325231043,221.8,6634.56,60.95,1180.51,144.64,38.24
海口,2012,73.17,113.85,818.8,40.67999999999999,0.0496824621397166,0.2008862629246677,0.1450266519159206,266.95,6821.26,307.42,1591.47,175.66,34.9
海口,2013,86.73,132.0,904.64,45.27,0.0500420056597099,0.1853218532185321,0.1594202898550725,338.19,7423.0,195.01,1805.89,256.4,14.23
海口,2014,100.12,150.92,1091.7,50.79999999999998,0.0465329302922048,0.1543871786002537,0.1433333333333333,337.66,7903.0,393.66,2252.04,300.47,113.89
海口,2015,111.5,170.93,1161.96,59.43000000000001,0.0511463389445419,0.1136636036755891,0.132586800954148,373.4,7948.0,218.89,2571.66,456.39,65.06
海口,2016,115.51,200.3,1257.67,84.79,0.0674183211812319,0.035964125560538,0.1718247235710526,432.71,9043.0,306.72,3081.9,551.09,76.15
海口,2017,125.36,198.32,1390.58,72.96,0.0524673157962864,0.0852740022508873,-0.0098851722416376,549.59,11988.0,548.1,3336.61,603.25,33.68
海口,2018,169.88,238.25,1510.51,68.37,0.0452628582399322,0.3551372048500318,0.2013412666397742,393.32,13233.06,279.74,3337.73,609.42,86.1
海口,2019,185.34,265.86,1672.0,80.52000000000001,0.0481578947368421,0.0910054155874735,0.1158866736621195,440.56,15385.0,190.18,3439.31,480.73,6.52
海口,2020,186.05,307.08,1792.0,121.02999999999996,0.0675390624999999,0.0038307974533291,0.1550440081245767,463.74,15837.0,190.29,3370.64,443.67,2.94
海口,2021,208.32,274.26,2057.06,65.94,0.032055457789272,0.119699005643644,-0.1068776865963266,484.6,15825.0,189.45,3369.06,452.45,32.69
海口,2022,204.82,332.68,2134.77,127.86,0.0598940401073652,-0.0168010752688172,0.2130095529789251,269.44,16018.0,83.23,3542.17,438.09,22.45
海口,2023,266.87,369.54,2358.0,102.67000000000002,0.0435411365564037,0.3029489307684796,0.1107971624383792,325.79,15826.0,110.37,3810.5,482.25,
海口,2024,258.26,372.07,2470.63,113.81,0.0460651736601595,-0.0322628995391014,0.0068463495156139,381.19,12294.0,172.48,3087.01,442.7,
海口,2025,,,,,,0.0,0.0,,,,,,
深圳,2006,500.88,571.42,5813.56,70.53999999999996,0.0121337012088978,,,749.08,9385.34,848.89,3122.1,462.09,92.32
深圳,2007,658.06,727.96,6801.57,69.90000000000009,0.0102770389777654,0.3138076984507265,0.2739491092366386,555.11,14049.69,636.02,3149.56,461.04,34.1
深圳,2008,800.36,889.86,7806.54,89.5,0.0114647462256005,0.2162416800899615,0.2224023297983406,466.71,12665.0,629.73,3272.12,440.49,58.84
深圳,2009,880.82,1000.84,8201.0,120.01999999999998,0.014634800634069,0.1005297616072766,0.1247162474996066,762.15,14615.0,402.01,3112.36,437.46,30.42
深圳,2010,1106.82,1265.27,9581.5,158.45000000000005,0.0165370766581433,0.2565790967507548,0.2642080652252108,465.59,19170.0,344.43,2939.94,458.47,13.87
深圳,2011,1339.57,1590.56,11505.53,250.99,0.0218147273528468,0.21028712889178,0.257091371802066,496.89,21350.13,325.0,2875.98,514.74,39.3
深圳,2012,1482.08,1565.71,12950.1,83.63000000000011,0.0064578651902302,0.1063848847018074,-0.0156234282265365,525.83,19589.82,425.75,3216.69,736.84,97.34
深圳,2013,1731.26,1690.83,14500.23,-40.430000000000064,-0.0027882316349464,0.1681285760552737,0.0799126274980679,588.58,24402.0,353.55,4003.49,876.9,134.87
深圳,2014,2082.44,2166.14,16001.82,83.69999999999982,0.0052306550129922,0.2028464817531741,0.2811104605430468,532.57,24723.0,425.31,4492.18,1069.49,105.73
深圳,2015,2726.85,3521.67,17502.86,794.8200000000002,0.0454108642816088,0.3094494919421446,0.6257813437727942,831.46,33942.0,360.21,4978.41,1331.03,137.72
深圳,2016,3136.49,4211.04,19492.6,1074.5500000000002,0.0551260478335368,0.1502246181491464,0.1957508795543023,736.19,45146.0,490.03,5173.99,1756.52,189.29
深圳,2017,3332.13,4593.8,22490.06,1261.67,0.0560990055162147,0.0623754579163333,0.0908944108818725,671.03,47936.0,285.06,5676.07,2130.86,152.61
深圳,2018,3538.41,4282.54,24221.98,744.1300000000001,0.0307212705154574,0.061906348191697,-0.0677565414253994,722.01,54132.44,261.56,6747.69,2640.71,132.61
深圳,2019,3773.38,4552.73,26927.0,779.3499999999995,0.0289430682957625,0.0664055324284071,0.0630910627804992,806.56,55797.0,572.11,7907.85,3041.65,83.33
深圳,2020,3857.39,4177.72,27670.0,320.3300000000004,0.0115767979761474,0.0222638589275396,-0.082370358004977,908.8,56829.0,640.88,9537.94,3537.84,171.78
深圳,2021,4257.7,4570.22,30664.85,312.52000000000044,0.0101914732992335,0.1037774246316809,0.0939507674042301,799.59,58593.0,664.38,10319.29,2979.08,105.35
深圳,2022,4012.44,4997.38,32387.68,984.94,0.0304109463845511,-0.0576038706343799,0.0934659600631917,679.11,51580.0,707.03,10774.8,3391.54,99.93
深圳,2023,4112.78,5012.07,34606.0,899.29,0.0259865341270299,0.0250072275224051,0.0029395403191272,762.0,45524.0,970.65,10995.05,3787.46,
深圳,2024,3914.18,4700.87,36801.87,786.69,0.0213763594078235,-0.04828850558503,-0.0620901144636846,828.67,42976.0,751.55,9850.79,3219.45,
深圳,2025,,,,,,0.0,0.0,,,,,,
石家庄,2006,77.37,128.25,2026.63,50.88,0.0251057173731761,,,303.53,2068.43,277.44,960.52,132.15,104.05
石家庄,2007,95.87,163.17,2360.72,67.29999999999998,0.0285082517198142,0.2391107664469431,0.2722807017543858,393.58,2451.65,219.98,921.72,197.54,178.33
石家庄,2008,110.04,193.79,2838.37,83.74999999999999,0.0295063716146943,0.1478043183477626,0.1876570447999019,338.86,2610.0,291.34,1571.47,280.4,305.28
石家庄,2009,125.96,240.92,3001.0,114.96,0.0383072309230256,0.1446746637586331,0.243201403581196,349.76,3765.0,291.5,2345.33,378.22,249.61
石家庄,2010,163.63,305.16,3401.0,141.53000000000003,0.0416142311084975,0.2990631946649731,0.2666445293043336,469.31,3881.0,551.22,4251.48,538.0,706.85
石家庄,2011,221.23,403.54,4082.68,182.31000000000003,0.0446544916574407,0.3520136894212553,0.3223882553414601,922.24,4740.5,1096.5,4964.46,789.14,443.02
石家庄,2012,272.28,464.09,4500.2,191.81,0.042622550108884,0.2307553225150296,0.1500470833126825,768.73,4930.94,870.93,4677.18,833.21,274.23
石家庄,2013,315.12,522.94,4863.66,207.82000000000005,0.0427291381387679,0.1573380343763775,0.12680730030813,951.21,5503.0,865.93,5200.29,928.15,83.07
石家庄,2014,343.47,566.49,5170.27,223.02,0.0431350780520166,0.0899657273419649,0.0832791524840323,888.26,5737.0,589.57,4967.87,1025.33,74.77
石家庄,2015,375.05,682.39,5440.6,307.34,0.056490093004448,0.0919439834628934,0.2045931967025014,757.82,8601.0,417.05,4083.9,965.13,56.43
石家庄,2016,410.72,746.12,5927.73,335.4,0.0565815244621465,0.09510731902413,0.0933923416228257,798.42,8281.0,396.48,3963.23,1015.77,58.59
石家庄,2017,460.89,806.73,6460.88,345.84000000000003,0.0535283119327398,0.1221513439813011,0.0812335817294804,1027.34,10170.0,376.05,4242.72,1212.27,124.14
石家庄,2018,519.68,991.61,6082.62,471.93000000000006,0.0775866320763092,0.1275575516934626,0.2291720897946028,844.69,10452.42,141.3,3713.92,1010.71,146.45
石家庄,2019,569.13,1051.39,5810.0,482.2600000000001,0.0830051635111876,0.095154710591133,0.0602857978439104,782.28,9309.0,266.93,3891.35,887.64,168.57
石家庄,2020,632.19,1142.23,5935.0,510.04,0.0859376579612468,0.1108006957988509,0.0863999086923024,656.26,9869.0,244.25,3702.6,926.49,143.37
石家庄,2021,681.36,1152.74,6490.3,471.38,0.0726283838959678,0.0777772505101312,0.0092012992129431,720.29,10269.0,348.29,4543.16,951.32,68.16
石家庄,2022,692.16,1250.43,7100.64,558.2700000000001,0.0786224903670655,0.0158506516379006,0.0847459097454761,606.06,9925.0,357.64,4338.26,767.2,36.72
石家庄,2023,737.89,1274.83,7534.0,536.9399999999999,0.0712689142553756,0.0660685390661119,0.0195132874291241,586.75,10599.0,604.72,3806.5,521.01,
石家庄,2024,746.08,1274.69,8203.44,528.61,0.0644376017865675,0.0110992153301983,-0.0001098185640436,490.5,11521.0,233.87,3427.73,516.11,
石家庄,2025,,,,,,0.0,0.0,,,,,,
福州,2006,115.62,110.06,1664.05,-5.560000000000002,-0.0033412457558366,,,664.58,4396.5,479.54,2126.41,296.78,359.33
福州,2007,146.56,143.09,1974.58,-3.469999999999999,-0.00175733573722,0.2676007611139941,0.3001090314373977,645.63,5178.68,474.07,2431.91,376.47,211.08
福州,2008,168.86,178.2,2284.16,9.339999999999977,0.0040890305407677,0.1521561135371179,0.2453700468236772,370.66,5516.0,329.15,2520.39,313.61,105.98
福州,2009,195.26,205.09,2604.0,9.830000000000013,0.0037749615975422,0.1563425322752574,0.1508978675645342,690.13,6625.0,485.9,2626.72,361.8,295.89
福州,2010,247.82,262.42,3123.4,14.600000000000025,0.0046743932893641,0.2691795554645089,0.2795358135452728,597.8,8414.0,345.81,3599.46,670.69,327.95
福州,2011,320.04,363.3,3736.38,43.25999999999999,0.0115780514829862,0.2914211928012269,0.3844219190610471,621.04,10178.15,541.43,4939.0,963.41,366.12
福州,2012,382.02,410.73,4218.3,28.71000000000004,0.0068060593129933,0.1936632920884888,0.1305532617671345,841.5,11188.3,534.33,5704.68,972.27,214.32
福州,2013,453.97,533.84,4678.5,79.87,0.0170717110184888,0.1883409245589238,0.2997346188493657,1256.49,11236.0,832.55,6871.04,1264.79,390.44
福州,2014,510.87,574.81,5169.16,63.93999999999994,0.0123695145826401,0.1253386787673194,0.0767458414506216,965.6,10719.0,833.86,7598.91,1455.07,212.4
福州,2015,560.46,725.93,5618.08,165.4699999999999,0.0294531227750405,0.097069704621528,0.2629042640176755,914.7,11653.0,1064.05,7800.01,1381.12,207.74
福州,2016,598.91,829.93,6197.64,231.02,0.037275479053317,0.0686043607037074,0.143264502086978,1221.33,11089.0,823.82,7760.77,1679.44,164.35
福州,2017,634.16,938.86,7103.4,304.70000000000005,0.042894951713264,0.0588569234108631,0.1312520333040137,1685.46,11057.0,1155.74,7947.59,1694.18,158.69
福州,2018,680.38,924.76,7856.81,244.38,0.0311042267790617,0.0728838148101425,-0.0150182135781693,1711.05,13530.3,722.66,7921.37,1439.68,339.43
福州,2019,668.08,949.76,9392.0,281.67999999999995,0.0299914821124361,-0.0180781328081365,0.0270340412647605,1708.19,13656.0,389.85,8480.51,1812.77,252.27
福州,2020,675.61,951.4,10020.0,275.79,0.0275239520958083,0.0112711052568554,0.0017267520215633,1888.1,13520.0,1092.27,8662.6,2070.23,83.87
福州,2021,749.85,925.26,11324.48,175.40999999999997,0.0154894529373534,0.1098858809076241,-0.0274752995585453,2138.49,14149.0,899.62,8427.23,2248.81,32.56
福州,2022,698.52,1006.09,12308.23,307.57000000000005,0.0249889707943384,-0.0684536907381476,0.0873592287573223,1419.7,12381.0,1193.12,7478.88,1663.87,54.88
福州,2023,754.08,1004.9,12928.0,250.81999999999996,0.0194012995049504,0.0795395980072153,-0.0011827967676848,877.41,12629.0,1002.43,6152.58,1085.97,
福州,2024,750.5,1025.48,14236.76,274.98,0.0193147879152279,-0.0047475068958201,0.0204796497163897,739.15,13405.0,803.16,4717.68,944.55,
福州,2025,,,,,,0.0,0.0,,,,,,
西宁,2006,14.16,34.31,281.61,20.15,0.0715528567877561,,,106.44,2021.99,120.43,418.09,29.38,22.85
西宁,2007,18.41,45.05,342.46,26.64,0.0777901068737954,0.3001412429378531,0.3130282716409209,139.55,2420.96,161.03,537.13,31.6,88.95
西宁,2008,23.45,67.25,422.19,43.8,0.1037447594684857,0.273764258555133,0.4927857935627082,108.31,2900.0,210.39,587.96,45.39,75.37
西宁,2009,28.15,85.12,501.0,56.970000000000006,0.1137125748502994,0.2004264392324093,0.265724907063197,154.68,2900.0,146.23,723.64,63.84,135.17
西宁,2010,34.52,108.92,628.3,74.4,0.1184147700143243,0.2262877442273536,0.2796052631578947,217.1,3328.0,195.75,1146.0,95.4,85.86
西宁,2011,45.25,150.04,770.7,104.79,0.135967302452316,0.3108342989571262,0.3775247888358426,265.61,3646.34,431.64,1284.27,118.55,104.9
西宁,2012,54.77,185.32,851.1,130.54999999999998,0.1533897309364351,0.2103867403314918,0.2351372967208744,177.04,4718.34,361.04,1479.95,160.14,162.31
西宁,2013,67.11,207.57,978.53,140.45999999999998,0.1435418433773108,0.2253058243563994,0.1200625944312541,277.8,4628.0,524.4,1840.4,195.58,30.94
西宁,2014,83.88,248.14,1065.78,164.26,0.1541218637992831,0.2498882431828342,0.1954521366286072,305.71,5753.0,490.96,1808.27,246.86,82.58
西宁,2015,94.79,280.03,1131.62,185.23999999999995,0.1636945264311341,0.1300667620410112,0.1285161602321269,311.86,5758.0,289.88,1893.55,280.43,31.08
西宁,2016,75.22,287.81,1248.17,212.59,0.1703213504570691,-0.2064563772549847,0.0277827375638326,352.6,5910.0,319.05,2146.77,316.5,17.19
西宁,2017,79.16,288.37,1284.91,209.21,0.1628207423087998,0.0523796862536558,0.0019457280845001,388.22,6642.0,342.82,2235.27,351.33,42.71
西宁,2018,92.94,297.48,1286.41,204.54,0.1590006296592843,0.1740778170793331,0.0315913583243749,332.22,7313.46,231.93,1875.88,292.25,37.28
西宁,2019,101.79,328.04,1328.0,226.25,0.1703689759036144,0.0952227243382828,0.1027295952669087,321.24,8989.0,102.59,2084.14,290.99,21.71
西宁,2020,133.51,329.51,1373.0,196.0,0.1427530954115076,0.3116219667943805,0.0044811608340444,298.97,9628.0,93.33,1824.51,270.4,12.26
西宁,2021,153.87,343.8,1548.79,189.93,0.1226312153358428,0.1524979402291963,0.0433674243573791,226.64,9173.0,43.68,2036.39,265.78,75.45
西宁,2022,131.72,339.04,1644.35,207.32,0.1260802140663484,-0.1439526873334633,-0.0138452588714368,100.21,8943.0,151.7,2009.58,169.93,19.84
西宁,2023,144.09,418.75,1801.0,274.66,0.1525041643531371,0.0939113270573945,0.2351050023596035,106.15,8882.0,189.78,1909.76,113.17,
西宁,2024,134.46,400.98,1862.09,266.52,0.143129494277935,-0.0668332292317301,-0.0424358208955223,104.57,8361.0,101.48,1539.89,91.95,
西宁,2025,,,,,,0.0,0.0,,,,,,
西安,2006,85.89,119.22,1473.68,33.33,0.022616850333858,,,621.5,3316.88,399.64,2383.56,285.76,137.4
西安,2007,112.92,161.25,1763.73,48.33,0.0274021533908251,0.3147048550471534,0.352541519879215,833.92,3379.08,483.3,2915.95,387.33,217.83
西安,2008,145.61,226.99,2190.04,81.38,0.0371591386458694,0.2894969890187744,0.4076899224806203,767.23,3906.0,443.96,3653.24,545.71,310.8
西安,2009,181.4,276.85,2724.0,95.45000000000002,0.0350403817914831,0.2457935581347434,0.2196572536235077,1256.02,3890.0,542.81,5683.31,694.23,214.94
西安,2010,241.86,371.62,3241.5,129.76,0.0400308499151627,0.3332965821389195,0.3423153332129311,1587.81,4453.0,463.65,6697.39,842.34,395.38
西安,2011,318.55,494.58,3864.21,176.02999999999997,0.0455539424617192,0.3170842636235838,0.3308756256390937,1768.52,6155.6,633.96,8238.88,996.12,266.77
西安,2012,396.96,597.49,4366.1,200.53000000000003,0.0459288609972286,0.2461466017893578,0.2080755388410369,1532.9,6634.32,1063.7,9893.11,1269.93,168.66
西安,2013,501.98,729.81,4884.13,227.82999999999996,0.046646997520541,0.2645606610237809,0.2214597733853285,1632.85,6716.0,795.35,10297.63,1572.65,335.16
西安,2014,583.79,819.54,5492.64,235.75,0.0429210725625564,0.1629746205028088,0.1229498088543594,1696.39,6465.0,1514.14,12332.19,1742.28,335.96
西安,2015,650.99,917.24,5801.2,266.25,0.0458956767565331,0.115109885403998,0.1192132171706079,1762.7,6501.0,955.62,13332.63,1820.85,300.34
西安,2016,641.07,942.52,6257.18,301.44999999999993,0.0481766546591275,-0.0152383293138143,0.0275609437006671,2036.18,6602.0,1545.43,14686.85,1955.82,191.13
西安,2017,654.5,1045.09,7469.85,390.5899999999999,0.0522888679156877,0.0209493503049589,0.1088252769172006,2459.35,8513.0,1571.73,15408.82,2234.84,328.07
西安,2018,684.7,1151.87,8349.86,467.1699999999999,0.0559494410684729,0.0461420932009168,0.1021730185917002,2621.72,10171.01,969.69,15238.05,2213.68,221.19
西安,2019,702.56,1247.02,9321.0,544.46,0.0584121875335264,0.026084416532788,0.0826048078342174,2375.41,11480.0,1020.25,15870.82,2008.3,53.07
西安,2020,724.14,1347.58,10020.0,623.4399999999999,0.0622195608782435,0.0307162377590526,0.0806402463472919,2081.48,13358.0,651.31,14472.23,2064.63,94.57
西安,2021,856.0,1474.62,10688.28,618.6199999999999,0.0578783489953481,0.1820918606899217,0.0942726962406683,1492.92,14657.0,370.01,14452.47,1975.28,52.56
西安,2022,834.08,1569.81,11486.51,735.7299999999999,0.0640516571177842,-0.0256074766355139,0.0645522236237132,1382.76,14713.0,623.84,13735.56,2061.85,36.02
西安,2023,951.92,1730.47,12011.0,778.5500000000001,0.0648197485638165,0.1412814118549779,0.1023435957217753,1265.33,15836.0,710.84,13712.3,2052.03,
西安,2024,1002.36,1561.85,13317.78,559.4899999999999,0.0420107555463448,0.0529876460206739,-0.0974417354822678,1208.31,14849.0,1275.52,13117.8,2144.76,
西安,2025,,,,,,0.0,0.0,,,,,,
贵阳,2006,61.58,88.23,602.88,26.65000000000001,0.0442044851380042,,,387.72,2372.66,297.17,1574.11,107.69,511.38
贵阳,2007,75.92,106.43,693.72,30.510000000000005,0.0439802802283342,0.2328678142253979,0.2062790434092711,439.28,2901.63,268.97,1936.54,135.44,372.28
贵阳,2008,88.99,142.28,811.05,53.290000000000006,0.0657049503729733,0.1721548998946258,0.3368411162266278,411.93,3149.0,324.49,2481.99,170.11,277.65
贵阳,2009,105.36,169.84,972.0,64.48,0.0663374485596707,0.183953253174514,0.1937025583356761,818.22,3762.0,739.8,3094.2,210.32,184.28
贵阳,2010,136.3,204.38,1121.8,68.07999999999998,0.0606881797111784,0.2936598329536828,0.2033678756476684,801.56,4410.0,551.84,3985.99,310.47,596.11
贵阳,2011,187.09,277.38,1383.07,90.29,0.0652823067523697,0.3726338958180484,0.3571778060475585,807.53,5069.52,606.54,4596.2,460.49,312.2
贵阳,2012,241.19,349.33,1700.3,108.14,0.0636005410809857,0.2891656422042867,0.2593914485543298,1023.84,4846.14,584.5,5664.1,901.03,197.17
贵阳,2013,277.21,393.6,2085.42,116.39000000000004,0.0558112994025184,0.149342841743024,0.126728308476226,1282.01,5025.0,711.69,6467.52,978.02,424.59
贵阳,2014,331.6,448.63,2497.27,117.02999999999996,0.0468631745866486,0.1962050431081132,0.1398119918699185,935.55,5608.0,1073.69,6815.79,1010.38,110.35
贵阳,2015,374.1,503.52,2891.16,129.41999999999996,0.0447640393475283,0.1281664656212304,0.1223502663664934,959.55,6029.0,1405.66,6847.81,1001.03,202.17
贵阳,2016,366.32,525.26,3157.7,158.94,0.0503341039364094,-0.0207965784549586,0.0431760406736574,981.87,5957.0,974.0,6086.75,927.32,33.29
贵阳,2017,377.85,582.48,3537.96,204.63,0.0578384153580029,0.0314752129285871,0.108936526672505,1068.67,7269.0,313.63,5790.77,1024.09,221.71
贵阳,2018,411.34,624.22,3798.45,212.88000000000005,0.0560439126485803,0.0886330554452823,0.0716591127592363,1114.56,9360.76,208.07,6058.28,985.26,120.63
贵阳,2019,417.26,718.82,4040.0,301.56000000000006,0.0746435643564356,0.0143919871639033,0.1515491333183813,1099.27,10451.0,308.59,7961.95,1175.37,169.44
贵阳,2020,398.13,678.16,4312.0,280.03,0.0649420222634508,-0.0458467142788668,-0.0565649258506998,1235.75,9315.0,359.33,7875.4,1291.37,169.14
贵阳,2021,403.72,633.41,4711.03,229.68999999999997,0.048755792257744,0.0140406399919625,-0.0659873776100035,1407.55,9052.0,348.67,8178.96,1120.05,166.25
贵阳,2022,402.16,727.45,4921.17,325.29,0.0661001347240595,-0.0038640642029129,0.1484662382974693,829.14,8879.0,336.27,7504.29,753.02,38.32
贵阳,2023,446.2,778.61,5155.0,332.41,0.0644830261881668,0.1095086532723292,0.0703278575847137,478.21,9208.0,529.06,6930.79,417.78,
贵阳,2024,434.09,693.05,5777.41,258.96,0.0448228531469983,-0.0271402958314657,-0.1098881339823532,507.07,8953.0,161.0,5879.2,437.48,
贵阳,2025,,,,,,0.0,0.0,,,,,,
郑州,2006,176.03,187.66,2013.48,11.629999999999995,0.0057760692929654,,,800.82,2888.36,486.6,2665.29,229.89,309.72
郑州,2007,219.52,240.68,2486.75,21.16,0.008509098220569,0.247060160199966,0.2825322391559204,1097.9,3573.6,665.41,3684.36,298.76,249.37
郑州,2008,260.39,289.5,3003.99,29.110000000000014,0.0096904450414282,0.1861789358600583,0.2028419478145255,736.85,3928.0,754.78,4855.18,434.96,468.53
郑州,2009,301.92,353.05,3308.0,51.13,0.015456469165659,0.15949153193287,0.2195164075993092,1197.1,4298.0,642.97,5196.5,512.32,437.07
郑州,2010,386.8,426.8,4040.9,40.0,0.0098987849241505,0.2811340752517222,0.2088939243733183,1558.72,4957.0,944.42,6255.29,775.16,1435.89
郑州,2011,502.32,566.58,4979.85,64.26000000000005,0.0129040031326244,0.2986556359875905,0.3275070290534208,1563.22,5696.16,1579.48,7472.19,926.31,217.11
郑州,2012,606.65,700.7,5549.8,94.05000000000008,0.0169465566326714,0.2076962892180283,0.2367185569557697,1441.87,6253.11,1449.83,8253.94,1095.14,349.86
郑州,2013,723.61,816.16,6201.9,92.54999999999995,0.014922846224544,0.1927965053985001,0.1647780790637931,1621.89,7162.0,1137.47,9721.23,1445.33,461.97
郑州,2014,833.88,918.51,6776.99,84.63,0.0124878448986939,0.1523887176794129,0.1254043324838267,1591.91,7571.0,1889.36,10574.15,1743.51,398.57
郑州,2015,942.9,1106.02,7311.52,163.12,0.0223099984681707,0.1307382357173694,0.2041458449009809,1898.67,7537.0,1076.66,10818.24,2000.2,222.45
郑州,2016,1011.18,1321.53,8113.97,310.35,0.0382488473583215,0.0724148902322621,0.1948518109979928,2859.18,8163.0,1455.24,14229.97,2778.95,473.7
郑州,2017,1056.67,1514.95,9130.2,458.28,0.0501938621278832,0.0449870448387035,0.1463606577224883,3097.81,8631.0,1537.06,16394.83,3358.84,444.27
郑州,2018,1152.06,1763.34,10143.32,611.28,0.0602642921646955,0.0902741631729866,0.1639592065744743,3712.11,8442.62,1946.07,18643.11,3258.41,301.58
郑州,2019,1222.53,1910.67,11590.0,688.1400000000001,0.0593735979292493,0.0611686891307745,0.0835516689917996,3593.27,9472.0,2107.4,19583.6,3349.86,323.26
郑州,2020,1259.21,1720.18,12004.0,460.97,0.0384013662112629,0.0300033537009316,-0.0996980116922335,3426.06,9834.0,1462.93,19444.77,3428.78,294.38
郑州,2021,1223.63,1624.44,12691.02,400.81,0.0315821738520623,-0.028255811183202,-0.0556569661314513,2699.38,9664.0,2193.13,20503.04,3088.88,215.61
郑州,2022,1130.79,1456.41,12934.7,325.6200000000001,0.0251741439693228,-0.0758726085499702,-0.1034387234985595,1999.36,8150.0,1783.8,18651.25,2158.59,88.24
郑州,2023,1165.85,1519.62,13618.0,353.77,0.0259781171978264,0.031004872699617,0.0434012400354295,2027.8,8619.0,2012.79,17151.32,1863.87,
郑州,2024,1155.04,1525.71,14532.07,370.6700000000001,0.0255070337536221,-0.0092722048290946,0.0040075808425792,1908.95,7919.0,1189.94,14890.09,1864.33,
郑州,2025,,,,,,0.0,0.0,,,,,,
重庆,2006,317.72,594.25,3949.0,276.53,0.0700253228665484,,,2228.46,2269.21,2224.84,8864.37,629.67,1467.69
重庆,2007,442.7,768.39,4837.5,325.69,0.0673260981912144,0.3933652272441141,0.2930416491375682,3552.92,2722.58,2253.07,10578.84,849.9,1737.74
重庆,2008,577.57,1016.01,5978.8,438.44,0.073332441292567,0.3046532640614412,0.32225822824347,2872.19,2785.0,2367.94,11639.27,991.0,1164.41
重庆,2009,655.17,1292.09,6744.1,636.92,0.0944410670067169,0.1343560087954705,0.2717296089605416,4002.89,3442.0,2907.05,13052.6,1238.91,1227.79
重庆,2010,952.07,1709.04,8186.5,756.9699999999999,0.0924656446588896,0.4531648274493645,0.3226942395653553,4314.39,4281.0,2626.59,17138.5,1620.26,1355.0
重庆,2011,1488.33,2570.24,10314.1,1081.91,0.104896210042563,0.5632569033789532,0.5039086270654869,4533.5,4733.84,3424.33,20397.24,2015.1,1664.55
重庆,2012,1703.49,3046.36,11797.8,1342.87,0.113823763752564,0.144564713470803,0.1852434013944224,4522.4,5079.93,3990.63,22009.03,2508.35,2183.07
重庆,2013,1693.24,3062.28,13275.8,1369.0400000000002,0.1031229756398861,-0.0060170590963257,0.0052259089536363,4817.56,5569.0,3804.36,26251.89,3012.78,1896.65
重庆,2014,1922.02,3304.39,14911.7,1382.37,0.0927037158741122,0.1351137464269685,0.0790620060869677,5100.39,5519.0,3717.78,28623.93,3630.23,1864.59
重庆,2015,2154.83,3792.0,16305.9,1637.17,0.1004035349168092,0.121127771823394,0.1475643008240552,5381.37,5486.0,4630.29,28985.67,3751.28,1626.77
重庆,2016,2227.91,4001.81,18271.1,1773.9,0.0970877506006754,0.0339145083370846,0.0553296413502109,6257.15,5485.0,4421.3,27363.39,3725.95,959.0
重庆,2017,2252.38,4336.28,20260.8,2083.9,0.1028537866224433,0.0109833880183671,0.0835796801947117,6711.0,6792.0,5055.73,25960.99,3980.08,1112.22
重庆,2018,2265.54,4540.95,21866.8,2275.41,0.104057749647868,0.0058427086015679,0.047199442840407,6536.25,8066.86,4083.45,27226.56,4248.76,1260.92
重庆,2019,2134.93,4847.68,23689.6,2712.7500000000005,0.1145122754288802,-0.0576507146199141,0.0675475396117553,6104.68,8402.0,5069.17,27986.64,4439.3,641.58
重庆,2020,2094.85,4893.95,25158.1,2799.1,0.1112603892980789,-0.0187734492465795,0.0095447719321406,6143.47,8255.0,3774.33,27368.16,4351.96,812.95
重庆,2021,2285.45,4835.06,28092.5,2549.6100000000006,0.0907576755361751,0.0909850347280234,-0.0120332246957977,6197.71,8699.0,4196.21,26893.17,4354.96,694.5
重庆,2022,2103.42,4892.77,28771.8,2789.3500000000004,0.0969473581771039,-0.0796473342230194,0.0119357360611864,4142.92,7132.0,2792.57,22646.9,3216.87,256.74
重庆,2023,2440.77,5304.56,30614.3,2863.7900000000004,0.0935441933998164,0.1603816641469606,0.084162958814741,3557.25,6888.0,3302.02,20497.57,2796.71,
重庆,2024,2595.55,5621.21,32046.7,3025.66,0.094414089438226,0.063414414303683,0.059693923718461,2980.17,6898.0,1668.48,17107.13,2565.79,
重庆,2025,,,,,,0.0,0.0,,,,,,
银川,2006,23.61,36.12,335.29,12.509999999999998,0.0373109845208625,,,239.99,2398.56,343.48,776.62,57.68,138.02
银川,2007,27.64,48.47,408.6,20.83,0.0509789525208027,0.1706903854299026,0.3419158361018826,335.97,2407.9,364.2,836.94,62.72,176.82
银川,2008,35.81,63.04,514.11,27.23,0.0529653187061134,0.2955861070911723,0.3005983082318959,307.73,2828.0,402.83,1034.02,78.62,72.18
银川,2009,44.06,72.5,578.0,28.44,0.0492041522491349,0.2303825746998045,0.1500634517766497,511.43,3523.0,525.71,1283.9,99.96,175.12
银川,2010,64.04,119.92,769.4,55.88,0.0726280218351962,0.4534725374489332,0.6540689655172414,590.04,3792.0,594.82,1886.78,172.13,210.27
银川,2011,96.62,147.25,986.68,50.63,0.0513134957635707,0.5087445346658337,0.2279019346230819,489.03,4375.82,578.2,2460.14,214.78,237.35
银川,2012,113.13,186.74,1150.9,73.61000000000001,0.0639586410635155,0.170875595114883,0.2681833616298812,450.26,4574.54,744.38,2948.53,275.7,179.55
银川,2013,134.6,220.53,1289.02,85.93,0.0666630463452855,0.1897816671086361,0.1809467709114276,612.11,4856.0,643.23,3522.66,330.81,173.37
银川,2014,153.6,263.9,1388.62,110.29999999999998,0.0794313779147642,0.1411589895988112,0.196662585589262,724.59,4451.0,727.23,4208.92,388.9,160.98
银川,2015,171.28,309.27,1493.86,137.98999999999998,0.0923714404294913,0.1151041666666667,0.1719211822660098,529.81,4947.0,704.68,4231.36,409.17,104.33
银川,2016,173.2,331.07,1617.71,157.87,0.0975885665539559,0.0112097150864081,0.0704885698580528,564.86,4790.0,765.66,4272.83,474.94,44.42
银川,2017,177.46,341.83,1803.26,164.36999999999998,0.091151581025476,0.0245958429561201,0.032500679614583,595.22,5177.0,859.64,4144.19,402.82,74.42
银川,2018,173.25,363.28,1901.48,190.03,0.0999379430759198,-0.0237236560351629,0.0627504900096538,612.83,5874.82,762.23,3795.57,295.25,95.69
银川,2019,154.71,346.47,1897.0,191.76,0.1010859251449657,-0.107012987012987,-0.0462728473904424,679.38,6440.0,545.7,3799.45,275.35,90.5
银川,2020,157.26,332.36,1964.0,175.10000000000002,0.0891547861507128,0.0164824510374248,-0.0407250266978382,751.75,7238.0,498.97,3756.64,311.43,102.88
银川,2021,171.19,291.69,2262.95,120.5,0.0532490775315406,0.0885794226122345,-0.1223673125526537,641.57,7648.0,666.23,3704.85,325.79,162.64
银川,2022,168.86,356.55,2535.63,187.69,0.0740210519673611,-0.0136106080962672,0.2223593541088142,403.71,8392.0,476.93,3320.35,273.8,59.43
银川,2023,197.76,438.15,2686.0,240.39,0.0894973938942665,0.171147696316475,0.2288599074463608,350.85,8565.0,736.12,3094.76,266.42,
银川,2024,208.44,444.46,2939.53,236.02,0.0802917473201498,0.0540048543689319,0.0144014606869793,262.76,8336.0,482.66,2404.75,253.24,
银川,2025,,,,,,0.0,0.0,,,,,,
长春,2006,71.59,146.67,1741.19,75.07999999999998,0.0431199352167195,,,408.25,2558.39,331.92,1365.52,171.84,313.71
长春,2007,93.3,181.56,2089.09,88.26,0.0422480601601654,0.3032546445034221,0.2378809572509717,513.77,3249.64,535.29,2012.6,259.5,633.87
长春,2008,119.03,240.33,2561.9,121.3,0.0473476716499473,0.2757770632368703,0.3236946463978851,570.64,3489.0,482.42,2202.34,352.89,435.38
长春,2009,142.65,306.01,2849.0,163.36,0.0573394173394173,0.198437368730572,0.273290891690592,715.72,4142.0,580.66,2377.1,443.93,485.17
长春,2010,180.85,382.93,3329.0,202.08,0.0607029137879243,0.267788293024886,0.2513643344988727,863.08,5178.0,963.73,3089.42,542.76,499.55
长春,2011,288.63,518.68,4003.08,230.04999999999995,0.057468249447925,0.5959635056676804,0.3545034340479982,879.14,6131.22,748.06,4075.84,666.42,722.14
长春,2012,340.8,555.51,4456.6,214.71,0.0481779832159044,0.1807504417420227,0.0710071720521323,908.0,5540.17,913.87,5123.72,649.65,749.73
长春,2013,381.82,632.97,5003.18,251.15000000000003,0.0501980740249201,0.1203638497652581,0.1394394340335907,847.06,6026.0,1008.12,5628.42,611.78,456.29
长春,2014,397.32,675.84,5342.43,278.52000000000004,0.0521335796631869,0.040595044785501,0.0677283283567942,758.84,6261.0,772.58,6058.49,532.57,532.1
长春,2015,388.22,765.72,5530.03,377.5,0.0682636441393627,-0.0229034531360111,0.1329900568181818,799.12,6634.0,590.15,6122.45,501.32,487.19
长春,2016,415.49,770.57,5986.42,355.08000000000004,0.0593142479144463,0.0702436762660345,0.0063339079559108,1017.75,6557.0,761.95,6522.22,596.65,436.7
长春,2017,450.08,875.73,6530.03,425.65,0.0651834677635478,0.0832511011095331,0.1364704050248517,1147.19,7017.0,905.66,6687.31,573.78,480.98
长春,2018,478.01,894.34,7175.71,416.33,0.0580193458208316,0.0620556345538572,0.0212508421545454,1288.44,8245.16,1087.51,7216.32,778.63,543.32
长春,2019,420.02,896.02,5904.0,476.0,0.0806233062330623,-0.1213154536515972,0.0018784802200504,1342.37,8777.0,924.41,7551.8,876.79,274.1
长春,2020,440.43,1084.14,6638.0,643.71,0.0969734859897559,0.0485929241464693,0.2099506707439566,1054.41,9081.0,658.15,7614.3,996.07,302.1
长春,2021,617.09,966.49,7103.1,349.4,0.0491897903732173,0.4011080080830098,-0.1085191949379231,1027.25,8426.0,479.24,8496.34,1052.34,655.35
长春,2022,459.69,976.67,6744.56,516.98,0.076651404984165,-0.2550681424103453,0.0105329594719034,540.77,8555.0,436.66,7201.86,661.96,97.59
长春,2023,576.52,1074.97,7002.0,498.4500000000001,0.0711868037703513,0.2541495355565706,0.1006481206548783,570.74,8455.0,300.94,6409.17,551.16,
长春,2024,427.48,1056.21,7632.19,628.73,0.0823787143663876,-0.2585166169430375,-0.0174516498134831,530.41,7807.0,308.12,6208.31,412.51,
长春,2025,,,,,,0.0,0.0,,,,,,
长沙,2006,132.83,167.19,1798.96,34.359999999999985,0.0190999244007648,,,741.69,2644.15,547.09,2652.29,303.86,939.13
长沙,2007,174.58,218.17,2190.25,43.589999999999975,0.0199018376897614,0.3143115260106903,0.304922543214307,978.56,3304.74,699.9,3256.99,407.05,706.15
长沙,2008,205.57,260.56,3000.98,54.99000000000001,0.0183240141553759,0.1775117424676364,0.1942980244763259,858.74,3288.0,756.04,4321.32,493.27,1000.85
长沙,2009,246.33,314.08,3745.0,67.74999999999997,0.0180907877169559,0.1982779588461352,0.2054037457783235,1406.58,3648.0,1314.71,6167.29,497.35,392.6
长沙,2010,314.28,403.33,4547.1,89.05000000000001,0.0195839106243539,0.2758494702228715,0.2841632705043302,1680.21,4418.0,1394.13,6688.87,684.1,288.48
长沙,2011,425.78,520.89,5619.33,95.11,0.0169255053538411,0.3547791778032327,0.2914734832519277,1508.18,5862.39,1429.11,7578.44,926.01,440.05
长沙,2012,490.65,624.62,6399.9,133.97000000000003,0.0209331395803059,0.1523556766405185,0.199139933575227,1526.93,6100.87,1402.27,7376.26,1034.35,311.15
长沙,2013,536.63,701.82,7153.13,165.19000000000003,0.0230933870906861,0.0937124222969529,0.1235951458486761,1861.56,6292.0,1401.84,8696.54,1157.63,458.99
长沙,2014,632.8,802.38,7824.81,169.58000000000004,0.0216720917185209,0.179211001993925,0.1432846028896297,1518.47,6116.0,1412.05,9688.6,1313.62,279.5
长沙,2015,718.95,925.0,8510.13,206.04999999999995,0.0242123210808765,0.1361409608091026,0.1528203594306936,1907.91,5856.0,1349.29,9304.76,1006.84,106.68
长沙,2016,743.7,1041.43,9356.91,297.73,0.0318192651206434,0.0344252034216565,0.1258702702702703,2613.26,6410.0,1646.66,9679.47,1260.55,204.77
长沙,2017,800.35,1182.6,10535.51,382.2499999999999,0.0362820594351863,0.0761731881134866,0.1355539978683155,2260.79,7691.0,1159.87,9814.09,1493.44,205.85
长沙,2018,879.71,1300.79,11003.41,421.0799999999999,0.0382681368775679,0.0991566189791965,0.0999408083882971,2386.74,8206.49,1441.27,10702.85,1508.72,354.13
长沙,2019,950.23,1425.98,11574.0,475.75,0.0411050630724036,0.0801627809164382,0.0962415147717925,2335.15,8657.0,1280.87,11878.61,1672.96,232.52
长沙,2020,1100.09,1501.23,12143.0,401.1400000000001,0.0330346701803508,0.1577091861970259,0.0527707260971401,2377.43,9238.0,1259.09,12746.11,1869.88,244.92
长沙,2021,1188.31,1541.59,13270.7,353.28,0.026621052393619,0.0801934387186502,0.0268846212772193,2606.17,10055.0,1246.32,12958.76,2236.88,286.92
长沙,2022,1202.0,1566.26,13966.11,364.26,0.0260817077912174,0.0115205628161001,0.0160029579849376,1699.36,10532.0,1386.0,11720.07,2281.48,116.09
长沙,2023,1227.07,1626.83,14332.0,399.76,0.0278928272397432,0.0208569051580698,0.0386717403240841,1556.78,11091.0,1356.65,9763.72,1888.7,
长沙,2024,1264.54,1663.94,15268.78,399.4000000000001,0.026157951060923,0.0305361552315679,0.0228112341178858,1356.8,9819.0,941.26,8240.56,1712.98,
长沙,2025,,,,,,0.0,0.0,,,,,,
青岛,2006,225.99,236.79,3206.58,10.799999999999985,0.0033680743970211,,,718.41,4249.06,654.22,2751.19,268.36,747.74
青岛,2007,292.8,321.18,3786.52,28.379999999999995,0.0074950086094883,0.2956325501128369,0.356391739516027,833.29,5200.55,640.7,3223.76,322.35,439.74
青岛,2008,342.44,369.41,4436.18,26.970000000000027,0.0060795549323967,0.1695355191256831,0.1501650165016501,770.3,5094.0,671.49,3772.74,380.57,367.4
青岛,2009,377.01,433.58,4854.0,56.56999999999999,0.0116543057272352,0.1009519915897674,0.1737094285482254,1261.86,5576.0,814.24,4309.94,459.48,301.83
青岛,2010,452.61,532.39,5666.2,79.77999999999997,0.0140799830574282,0.2005251850083553,0.227893353014438,1360.69,6576.0,1020.51,5058.4,602.44,619.29
青岛,2011,566.14,658.06,6615.6,91.91999999999996,0.0138944313440957,0.250834051390822,0.2360487612464545,1029.91,7495.44,924.76,5698.84,785.82,665.96
青岛,2012,670.18,765.98,7302.1,95.80000000000008,0.013119513564591,0.1837707987423604,0.1639972039023798,950.92,8056.09,1211.57,6497.69,932.1,240.06
青岛,2013,788.93,1014.23,8006.6,225.30000000000007,0.0281392850898009,0.1771912023635442,0.3240946238805191,1160.16,8435.0,957.34,7072.55,1048.52,433.01
青岛,2014,895.25,1074.71,8692.1,179.46000000000004,0.0206463340274502,0.1347648080311307,0.059631444544137,1163.53,8344.0,1135.74,8170.67,1117.73,292.49
青岛,2015,1006.32,1222.87,9300.07,216.54999999999984,0.0232847709748421,0.1240659033789444,0.1378604460738244,1418.58,8902.0,1523.35,8971.23,1122.35,235.01
青岛,2016,1100.03,1352.85,10011.29,252.81999999999996,0.0252534888111322,0.0931214722950948,0.1062909385298518,1939.22,9230.0,1425.79,9100.73,1369.14,213.82
青岛,2017,1157.24,1403.03,11037.28,245.79,0.0222690735398576,0.0520076725180222,0.0370920649000259,1900.74,10518.0,1486.53,9532.69,1330.54,187.63
青岛,2018,1231.91,1559.78,12001.52,327.8699999999999,0.0273190395883188,0.0645242127821368,0.1117224863331503,1808.02,12624.12,1624.77,10390.38,1485.21,384.01
青岛,2019,1241.74,1575.97,11741.0,334.23,0.028466910825313,0.0079794790203828,0.0103796689276693,1651.83,13603.0,1602.01,11579.57,1803.81,564.95
青岛,2020,1253.85,1584.65,12401.0,330.8000000000002,0.0266752681235384,0.0097524441509493,0.0055077190555659,1653.59,13406.0,1153.89,12528.4,2045.12,394.68
青岛,2021,1368.3,1706.76,14136.0,338.46000000000004,0.0239431239388794,0.0912788611077881,0.0770580254314832,1644.52,13787.0,1656.88,13022.24,1982.34,219.71
青岛,2022,1273.31,1696.17,14920.75,422.8600000000001,0.0283403984384163,-0.0694219103997662,-0.0062047388033465,1563.73,13946.0,1610.0,12056.28,1789.87,125.57
青岛,2023,1337.86,1718.8,15760.0,380.94000000000005,0.0241713197969543,0.0506946462369728,0.0133418230483972,1454.85,13926.0,2104.47,10443.78,1729.32,
青岛,2024,1339.26,1720.42,16719.46,381.1600000000001,0.0227973869969484,0.001046447311378,0.0009425180358391,1193.94,13765.0,1111.76,8130.43,1511.79,
青岛,2025,,,,,,0.0,0.0,,,,,,
