city,year,income,expend,gdp
上海,2006,1576.07,1795.57,10825.4
上海,2007,2074.48,2181.68,13179.8
上海,2008,2358.75,2593.92,14877.1
上海,2009,2540.3,2989.65,16181.4
上海,2010,2873.58,3302.89,18319.6
上海,2011,3429.83,3914.88,20406.1
上海,2012,3743.71,4184.02,21774.9
上海,2013,4109.51,4528.61,23809.4
上海,2014,4585.55,4923.44,25964.5
上海,2015,5519.5,6191.56,27821.6
上海,2016,6406.13,6918.94,30963.9
上海,2017,6642.26,7547.62,34378.3
上海,2018,7108.15,8351.54,37769.1
上海,2019,7165.1,8179.28,40241.2
上海,2020,7046.3,8102.11,41603.9
上海,2021,7771.8,8430.86,47059.4
上海,2022,7608.0,9393.0,48594.5
上海,2023,8312.5,9638.51,51404.5
上海,2024,8374.17,9874.84,53759.5
上海,2025,,,
乌鲁木齐,2006,57.04,49.53,654.3
乌鲁木齐,2007,73.43,68.32,820.28
乌鲁木齐,2008,100.98,99.35,1020.35
乌鲁木齐,2009,113.54,133.88,1095.0
乌鲁木齐,2010,147.99,159.61,1338.5
乌鲁木齐,2011,229.59,238.49,1690.03
乌鲁木齐,2012,252.01,295.6,2004.1
乌鲁木齐,2013,301.9,353.2,2202.85
乌鲁木齐,2014,340.62,404.81,2461.47
乌鲁木齐,2015,368.67,446.66,2631.64
乌鲁木齐,2016,369.67,417.56,2458.98
乌鲁木齐,2017,400.78,458.58,2743.82
乌鲁木齐,2018,458.28,659.79,3099.77
乌鲁木齐,2019,472.46,620.28,3413.0
乌鲁木齐,2020,392.64,536.87,3337.0
乌鲁木齐,2021,377.93,419.59,3691.57
乌鲁木齐,2022,314.82,455.77,3893.22
乌鲁木齐,2023,369.79,504.05,4168.0
乌鲁木齐,2024,371.3,465.52,4502.16
乌鲁木齐,2025,,,
兰州,2006,33.14,63.13,638.47
兰州,2007,46.63,83.3,732.76
兰州,2008,50.86,99.66,846.28
兰州,2009,57.04,119.83,926.0
兰州,2010,72.76,146.93,1100.4
兰州,2011,86.49,175.48,1360.03
兰州,2012,103.73,202.6,1563.8
兰州,2013,124.5,242.34,1776.28
兰州,2014,152.33,280.1,2000.94
兰州,2015,185.19,344.0,2095.99
兰州,2016,215.48,424.16,2264.23
兰州,2017,234.2,429.36,2523.54
兰州,2018,253.32,465.64,2732.94
兰州,2019,233.23,456.66,2837.0
兰州,2020,247.13,486.24,2887.0
兰州,2021,276.73,484.59,3231.29
兰州,2022,220.98,498.8,3343.5
兰州,2023,255.33,502.92,3487.0
兰州,2024,251.91,547.64,3742.25
兰州,2025,,,
北京,2006,1117.15,1296.84,8618.9
北京,2007,1492.64,1649.5,10730.4
北京,2008,1837.32,1959.29,12167.6
北京,2009,2026.81,2319.37,13335.7
北京,2010,2353.93,2717.32,15420.2
北京,2011,3006.28,3245.23,17653.3
北京,2012,3314.93,3685.31,19568.3
北京,2013,3661.11,4173.66,21746.0
北京,2014,4027.16,4524.67,23577.5
北京,2015,4723.86,5737.7,26034.1
北京,2016,5081.26,6406.77,28438.7
北京,2017,5430.79,6824.53,31325.9
北京,2018,5785.92,7471.43,35161.4
北京,2019,5817.1,7408.19,37767.0
北京,2020,5483.89,7116.18,38503.6
北京,2021,5932.31,7205.12,44350.7
北京,2022,5714.36,7469.15,45222.4
北京,2023,6181.1,7971.25,47353.7
北京,2024,6372.68,8396.49,49670.2
北京,2025,,,
南京,2006,246.44,262.46,2773.78
南京,2007,330.19,342.94,3283.73
南京,2008,386.56,404.67,3775.0
南京,2009,434.51,461.27,4230.0
南京,2010,518.8,542.18,5130.7
南京,2011,635.0,666.21,6145.52
南京,2012,733.02,769.66,7201.6
南京,2013,831.31,850.91,8011.78
南京,2014,903.49,921.2,8820.75
南京,2015,1020.03,1045.57,9720.77
南京,2016,1142.6,1173.84,10503.02
南京,2017,1271.91,1354.09,11715.1
南京,2018,1470.02,1532.72,12820.4
南京,2019,1580.03,1658.07,14031.0
南京,2020,1637.7,1754.62,14818.0
南京,2021,1729.52,1817.73,16356.0
南京,2022,1558.21,1828.69,16907.85
南京,2023,1619.98,1838.7,17421.0
南京,2024,1596.02,1705.26,18500.81
南京,2025,,,
南宁,2006,56.62,93.08,870.15
南宁,2007,70.15,118.0,1069.01
南宁,2008,191.17,166.08,1316.21
南宁,2009,120.46,203.55,1525.0
南宁,2010,156.1,261.28,1800.3
南宁,2011,186.29,302.31,2211.4
南宁,2012,229.72,376.51,2503.2
南宁,2013,256.25,418.4,2803.54
南宁,2014,274.85,465.78,3148.3
南宁,2015,297.05,526.72,3410.09
南宁,2016,312.79,586.98,3703.33
南宁,2017,332.15,646.37,4118.83
南宁,2018,358.96,697.99,4026.91
南宁,2019,370.93,789.2,4507.0
南宁,2020,372.25,819.86,4726.0
南宁,2021,392.0,778.0,5120.94
南宁,2022,392.68,838.93,5218.35
南宁,2023,400.88,816.48,5469.0
南宁,2024,381.16,796.99,5995.36
南宁,2025,,,
南昌,2006,68.11,93.37,1183.9
南昌,2007,87.22,116.86,1389.89
南昌,2008,102.15,148.17,1660.08
南昌,2009,115.88,181.75,1838.0
南昌,2010,146.47,232.03,2200.1
南昌,2011,187.03,299.37,2688.87
南昌,2012,240.02,345.51,3000.5
南昌,2013,291.91,419.37,3336.03
南昌,2014,342.21,473.16,3667.96
南昌,2015,389.34,543.18,4000.01
南昌,2016,402.18,583.26,4354.99
南昌,2017,417.08,653.12,5003.19
南昌,2018,461.75,752.41,5274.67
南昌,2019,477.0,834.11,5596.0
南昌,2020,483.86,838.17,5746.0
南昌,2021,484.83,870.01,6650.53
南昌,2022,457.68,939.04,7203.5
南昌,2023,500.18,925.55,7213.0
南昌,2024,526.21,940.07,7800.37
南昌,2025,,,
厦门,2006,136.17,159.13,1168.02
厦门,2007,186.53,198.66,1387.85
厦门,2008,220.23,238.09,1560.02
厦门,2009,240.56,268.05,1737.0
厦门,2010,289.17,306.95,2060.1
厦门,2011,370.77,389.07,2539.31
厦门,2012,422.91,460.98,2817.1
厦门,2013,490.6,516.74,3018.16
厦门,2014,543.8,548.25,3273.58
厦门,2015,606.1,651.17,3466.03
厦门,2016,647.94,758.64,3784.27
厦门,2017,696.87,797.1,4351.7
厦门,2018,754.54,892.5,4791.41
厦门,2019,768.38,912.98,5995.0
厦门,2020,783.94,976.91,6384.0
厦门,2021,880.96,1060.0,7033.89
厦门,2022,883.81,1088.74,7802.66
厦门,2023,932.14,1084.65,8066.0
厦门,2024,933.35,1059.2,8589.01
厦门,2025,,,
合肥,2006,79.4,102.89,1073.76
合肥,2007,169.32,167.08,1334.61
合肥,2008,222.08,222.25,1664.84
合肥,2009,180.9,245.86,2102.0
合肥,2010,259.43,317.72,2701.6
合肥,2011,338.51,474.89,3636.6
合肥,2012,389.5,572.1,4164.3
合肥,2013,438.62,630.89,4672.91
合肥,2014,500.34,698.79,5157.97
合肥,2015,571.54,772.66,5660.27
合肥,2016,614.85,859.85,6274.38
合肥,2017,655.9,965.34,7213.45
合肥,2018,712.49,1004.91,7822.91
合肥,2019,745.99,1122.67,9409.0
合肥,2020,762.9,1164.35,10046.0
合肥,2021,844.22,1223.72,11412.8
合肥,2022,909.25,1380.18,12013.1
合肥,2023,929.63,1411.34,12674.0
合肥,2024,955.01,1581.06,13507.69
合肥,2025,,,
呼和浩特,2006,45.52,75.5,900.08
呼和浩特,2007,57.96,100.51,1101.13
呼和浩特,2008,82.25,133.18,1316.37
呼和浩特,2009,106.79,165.16,1644.0
呼和浩特,2010,126.76,177.28,1865.7
呼和浩特,2011,151.43,255.67,2177.27
呼和浩特,2012,178.64,275.32,2475.6
呼和浩特,2013,182.02,294.84,2710.39
呼和浩特,2014,211.54,310.91,2894.05
呼和浩特,2015,247.4,360.65,3090.52
呼和浩特,2016,269.65,419.97,3173.59
呼和浩特,2017,201.5,403.04,2743.72
呼和浩特,2018,204.72,356.74,2903.5
呼和浩特,2019,203.12,417.92,2791.0
呼和浩特,2020,217.1,438.57,2801.0
呼和浩特,2021,228.92,420.75,3121.43
呼和浩特,2022,230.87,420.98,3329.1
呼和浩特,2023,238.06,592.97,3802.0
呼和浩特,2024,255.12,581.61,4107.08
呼和浩特,2025,,,
哈尔滨,2006,118.29,194.68,2094.08
哈尔滨,2007,132.05,232.38,2436.8
哈尔滨,2008,164.01,301.27,2868.19
哈尔滨,2009,193.36,348.41,3175.0
哈尔滨,2010,238.14,452.97,3664.9
哈尔滨,2011,300.32,557.14,4242.19
哈尔滨,2012,354.72,643.58,4550.2
哈尔滨,2013,402.28,709.78,5017.05
哈尔滨,2014,423.52,740.08,5340.07
哈尔滨,2015,407.73,824.84,5751.21
哈尔滨,2016,376.24,876.29,6101.61
哈尔滨,2017,368.1,958.47,6355.05
哈尔滨,2018,384.37,962.17,6300.48
哈尔滨,2019,370.91,1101.14,5249.0
哈尔滨,2020,339.57,1162.25,5184.0
哈尔滨,2021,365.81,992.08,5351.66
哈尔滨,2022,,,5490.1
哈尔滨,2023,313.07,1080.7,5576.0
哈尔滨,2024,337.84,1257.56,6016.33
哈尔滨,2025,,,
大连,2006,196.14,266.52,2569.67
大连,2007,267.98,344.57,3130.68
大连,2008,339.07,410.0,3858.25
大连,2009,400.23,471.16,4350.0
大连,2010,500.83,611.47,5158.2
大连,2011,651.13,734.94,6150.63
大连,2012,750.11,890.96,7002.8
大连,2013,850.16,1083.54,7650.79
大连,2014,780.86,989.46,7655.58
大连,2015,579.91,910.69,7731.64
大连,2016,611.9,870.28,6810.2
大连,2017,657.64,919.84,7363.92
大连,2018,703.99,1001.49,7668.48
大连,2019,692.84,1016.28,7002.0
大连,2020,702.68,1001.98,7030.0
大连,2021,737.6,980.05,7825.95
大连,2022,669.77,991.08,8430.95
大连,2023,750.24,1013.5,8753.0
大连,2024,774.77,1085.14,9516.87
大连,2025,,,
天津,2006,417.05,543.12,3592.5
天津,2007,540.44,674.33,4229.8
天津,2008,675.62,867.72,5278.3
天津,2009,821.99,1124.28,5828.6
天津,2010,1068.81,1376.84,6991.6
天津,2011,1455.13,1796.33,8240.8
天津,2012,1760.02,2143.21,9193.0
天津,2013,2079.07,2549.21,10075.2
天津,2014,2390.35,2884.7,10749.2
天津,2015,2667.11,3232.35,10889.2
天津,2016,2723.5,3699.43,11487.0
天津,2017,2310.36,3282.54,12468.2
天津,2018,2106.24,3103.16,13411.1
天津,2019,2410.41,3555.71,14097.2
天津,2020,1923.11,3151.35,14230.8
天津,2021,2141.06,3152.55,16093.2
天津,2022,1846.69,2729.83,16588.5
天津,2023,2027.51,3280.42,17211.8
天津,2024,2134.2,3627.18,17931.3
天津,2025,,,
太原,2006,75.33,95.42,1013.65
太原,2007,88.42,155.8,1254.94
太原,2008,116.92,152.86,1468.09
太原,2009,117.53,159.91,1545.0
太原,2010,138.48,189.64,1778.1
太原,2011,174.72,239.31,2080.12
太原,2012,215.67,277.44,2311.4
太原,2013,247.33,319.11,2412.87
太原,2014,258.85,322.69,2531.09
太原,2015,274.24,419.99,2735.34
太原,2016,282.69,424.07,2955.6
太原,2017,311.85,479.06,3382.18
太原,2018,373.23,542.46,3884.48
太原,2019,386.62,610.55,4029.0
太原,2020,378.44,647.34,4153.0
太原,2021,423.44,628.99,5121.61
太原,2022,437.48,715.9,5571.17
太原,2023,449.24,777.26,5574.0
太原,2024,440.26,744.38,5418.87
太原,2025,,,
宁波,2006,257.38,292.7,2874.44
宁波,2007,329.12,371.04,3435.0
宁波,2008,390.39,439.41,3964.05
宁波,2009,432.8,506.08,4329.0
宁波,2010,530.93,600.74,5163.0
宁波,2011,657.55,750.72,6059.24
宁波,2012,725.5,828.44,6582.2
宁波,2013,792.81,939.89,7128.87
宁波,2014,860.61,1000.86,7610.28
宁波,2015,1006.41,1252.64,8003.61
宁波,2016,1114.54,1289.26,8686.49
宁波,2017,1245.29,1410.6,9842.1
宁波,2018,1379.69,1594.1,10745.46
宁波,2019,1468.51,1767.89,11985.0
宁波,2020,1510.84,1742.09,12409.0
宁波,2021,1723.14,1944.42,14594.92
宁波,2022,1680.23,2187.81,15704.3
宁波,2023,1785.86,2235.09,16453.0
宁波,2024,1790.47,2230.37,18147.7
宁波,2025,,,
广州,2006,427.08,506.79,6073.83
广州,2007,523.79,623.69,7109.18
广州,2008,621.84,713.35,8215.82
广州,2009,702.65,789.92,9138.0
广州,2010,872.65,977.32,10748.3
广州,2011,979.48,1181.25,12423.44
广州,2012,1102.4,1343.65,13551.2
广州,2013,1141.8,1386.13,15420.14
广州,2014,1243.1,1436.22,16706.87
广州,2015,1349.47,1727.72,18100.41
广州,2016,1393.64,1943.75,19547.44
广州,2017,1536.74,2186.01,21503.15
广州,2018,1634.22,2506.18,22859.35
广州,2019,1699.04,2865.33,23629.0
广州,2020,1722.79,2952.65,25019.0
广州,2021,1884.26,3021.18,28231.97
广州,2022,1855.1,3022.45,28839.0
广州,2023,1945.06,2971.65,30356.0
广州,2024,1954.74,2782.5,31032.5
广州,2025,,,
成都,2006,186.77,252.24,2750.48
成都,2007,286.38,356.05,3324.17
成都,2008,354.69,506.43,3900.99
成都,2009,387.36,600.97,4503.0
成都,2010,526.94,777.38,5551.3
成都,2011,680.69,857.87,6854.58
成都,2012,780.9,983.85,8138.9
成都,2013,898.54,1161.75,9108.89
成都,2014,1025.17,1340.0,10056.59
成都,2015,1157.64,1468.42,10801.16
成都,2016,1175.41,1595.89,12170.23
成都,2017,1275.53,1756.66,13889.39
成都,2018,1424.16,1837.42,15342.77
成都,2019,1482.96,2006.95,17013.0
成都,2020,1520.38,2159.48,17717.0
成都,2021,1697.63,2237.69,19916.98
成都,2022,1722.43,2435.01,20817.5
成都,2023,1929.06,2586.83,22075.0
成都,2024,1949.5,2610.39,23511.34
成都,2025,,,
拉萨,2006,3.9,15.69,
拉萨,2007,5.75,24.62,121.91
拉萨,2008,8.03,33.02,142.05
拉萨,2009,10.05,37.73,163.0
拉萨,2010,15.02,51.35,
拉萨,2011,23.43,75.63,222.42
拉萨,2012,34.36,106.9,260.1
拉萨,2013,50.16,131.92,304.87
拉萨,2014,64.79,169.49,347.45
拉萨,2015,62.42,200.4,376.73
拉萨,2016,70.79,248.11,424.95
拉萨,2017,89.63,257.47,479.25
拉萨,2018,110.1,300.12,540.78
拉萨,2019,117.04,365.41,618.0
拉萨,2020,107.26,349.66,678.0
拉萨,2021,106.94,318.38,741.84
拉萨,2022,72.47,355.33,747.57
拉萨,2023,109.14,452.12,835.0
拉萨,2024,120.64,465.35,990.04
拉萨,2025,,,
昆明,2006,103.72,133.68,1207.29
昆明,2007,133.1,164.65,1405.05
昆明,2008,174.99,233.49,1511.68
昆明,2009,,,1809.0
昆明,2010,253.83,346.31,2120.4
昆明,2011,317.69,441.73,2509.58
昆明,2012,378.4,525.54,3011.1
昆明,2013,450.75,585.76,3415.31
昆明,2014,477.97,593.66,3712.99
昆明,2015,502.22,615.49,3968.01
昆明,2016,530.0,688.4,4300.08
昆明,2017,560.86,775.9,4857.64
昆明,2018,595.63,756.8,5206.9
昆明,2019,630.03,820.86,6476.0
昆明,2020,650.47,875.05,6734.0
昆明,2021,689.12,928.16,7222.5
昆明,2022,505.25,863.32,7541.37
昆明,2023,558.0,837.79,7865.0
昆明,2024,547.22,842.85,8275.22
昆明,2025,,,
杭州,2006,301.39,275.48,3441.51
杭州,2007,391.62,335.72,4100.17
杭州,2008,455.35,419.67,4781.16
杭州,2009,520.79,490.4,5088.0
杭州,2010,671.34,616.58,5949.2
杭州,2011,785.15,747.51,7019.06
杭州,2012,859.99,786.28,7802.0
杭州,2013,945.2,855.74,8343.52
杭州,2014,1027.32,961.18,9206.16
杭州,2015,1233.88,1205.48,10050.21
杭州,2016,1402.38,1404.31,11313.72
杭州,2017,1567.42,1540.92,12603.36
杭州,2018,1825.06,1717.08,13509.15
杭州,2019,1965.97,1952.85,15373.0
杭州,2020,2093.39,2069.66,16106.0
杭州,2021,2386.59,2392.04,18109.42
杭州,2022,2450.61,2542.09,18753.07
杭州,2023,2616.81,2636.23,20059.0
杭州,2024,2640.33,2690.35,21860.32
杭州,2025,,,
武汉,2006,178.6,257.81,2590.76
武汉,2007,221.68,307.23,3141.9
武汉,2008,277.32,377.88,3960.08
武汉,2009,316.07,503.64,4621.0
武汉,2010,390.19,583.55,5565.9
武汉,2011,673.26,765.04,6762.2
武汉,2012,828.58,885.55,8003.8
武汉,2013,978.52,1122.88,9051.27
武汉,2014,1101.02,1175.1,10069.48
武汉,2015,1245.63,1338.05,10905.6
武汉,2016,1322.1,1524.68,11912.61
武汉,2017,1402.93,1728.28,13410.34
武汉,2018,1528.7,1929.31,14847.29
武汉,2019,1564.12,2237.1,16223.0
武汉,2020,1230.29,2407.81,15616.0
武汉,2021,1578.65,2215.97,17716.76
武汉,2022,1504.74,2223.15,18866.43
武汉,2023,1601.2,2204.08,20012.0
武汉,2024,1667.31,2481.0,21106.23
武汉,2025,,,
沈阳,2006,175.63,268.76,2519.63
沈阳,2007,230.81,339.68,3221.15
沈阳,2008,291.04,406.74,3860.47
沈阳,2009,320.21,475.88,4269.0
沈阳,2010,465.35,516.62,5017.5
沈阳,2011,620.12,639.29,5915.71
沈阳,2012,715.04,766.09,6602.6
沈阳,2013,801.0,881.28,7158.57
沈阳,2014,785.5,914.37,7098.71
沈阳,2015,606.24,808.58,7272.31
沈阳,2016,620.95,825.39,5546.45
沈阳,2017,656.24,855.02,5864.97
沈阳,2018,720.64,965.44,6292.4
沈阳,2019,730.29,1047.65,6470.0
沈阳,2020,736.08,1074.05,6572.0
沈阳,2021,773.02,1032.5,7249.0
沈阳,2022,713.67,1053.59,7695.8
沈阳,2023,800.85,1084.06,8122.0
沈阳,2024,825.58,1160.69,9027.14
沈阳,2025,,,
济南,2006,128.44,146.98,2185.09
济南,2007,157.02,179.98,2562.81
济南,2008,186.02,221.32,3017.42
济南,2009,210.19,259.92,3351.0
济南,2010,266.13,336.8,3910.5
济南,2011,325.42,396.88,4406.29
济南,2012,380.82,465.67,4803.7
济南,2013,482.07,519.32,5230.19
济南,2014,543.13,571.41,5770.6
济南,2015,614.32,658.18,6100.23
济南,2016,641.22,741.26,6536.12
济南,2017,677.21,834.06,7201.96
济南,2018,752.82,1018.25,7856.56
济南,2019,874.19,1197.32,9443.0
济南,2020,906.08,1288.8,10141.0
济南,2021,1007.61,1293.08,11432.22
济南,2022,1001.14,1225.57,12027.46
济南,2023,1060.82,1365.29,12757.0
济南,2024,1083.05,1397.15,13527.55
济南,2025,,,
海口,2006,21.13,32.25,350.12
海口,2007,44.85,43.21,393.69
海口,2008,31.03,46.79,443.18
海口,2009,38.44,66.61,490.0
海口,2010,50.37,78.99,595.1
海口,2011,60.93,99.43,713.3
海口,2012,73.17,113.85,818.8
海口,2013,86.73,132.0,904.64
海口,2014,100.12,150.92,1091.7
海口,2015,111.5,170.93,1161.96
海口,2016,115.51,200.3,1257.67
海口,2017,125.36,198.32,1390.58
海口,2018,169.88,238.25,1510.51
海口,2019,185.34,265.86,1672.0
海口,2020,186.05,307.08,1792.0
海口,2021,208.32,274.26,2057.06
海口,2022,204.82,332.68,2134.77
海口,2023,266.87,369.54,2358.0
海口,2024,258.26,372.07,2470.63
海口,2025,,,
深圳,2006,500.88,571.42,5813.56
深圳,2007,658.06,727.96,6801.57
深圳,2008,800.36,889.86,7806.54
深圳,2009,880.82,1000.84,8201.0
深圳,2010,1106.82,1265.27,9581.5
深圳,2011,1339.57,1590.56,11505.53
深圳,2012,1482.08,1565.71,12950.1
深圳,2013,1731.26,1690.83,14500.23
深圳,2014,2082.44,2166.14,16001.82
深圳,2015,2726.85,3521.67,17502.86
深圳,2016,3136.49,4211.04,19492.6
深圳,2017,3332.13,4593.8,22490.06
深圳,2018,3538.41,4282.54,24221.98
深圳,2019,3773.38,4552.73,26927.0
深圳,2020,3857.39,4177.72,27670.0
深圳,2021,4257.7,4570.22,30664.85
深圳,2022,4012.44,4997.38,32387.68
深圳,2023,4112.78,5012.07,34606.0
深圳,2024,3914.18,4700.87,36801.87
深圳,2025,,,
石家庄,2006,77.37,128.25,2026.63
石家庄,2007,95.87,163.17,2360.72
石家庄,2008,110.04,193.79,2838.37
石家庄,2009,125.96,240.92,3001.0
石家庄,2010,163.63,305.16,3401.0
石家庄,2011,221.23,403.54,4082.68
石家庄,2012,272.28,464.09,4500.2
石家庄,2013,315.12,522.94,4863.66
石家庄,2014,343.47,566.49,5170.27
石家庄,2015,375.05,682.39,5440.6
石家庄,2016,410.72,746.12,5927.73
石家庄,2017,460.89,806.73,6460.88
石家庄,2018,519.68,991.61,6082.62
石家庄,2019,569.13,1051.39,5810.0
石家庄,2020,632.19,1142.23,5935.0
石家庄,2021,681.36,1152.74,6490.3
石家庄,2022,692.16,1250.43,7100.64
石家庄,2023,737.89,1274.83,7534.0
石家庄,2024,746.08,1274.69,8203.44
石家庄,2025,,,
福州,2006,115.62,110.06,1664.05
福州,2007,146.56,143.09,1974.58
福州,2008,168.86,178.2,2284.16
福州,2009,195.26,205.09,2604.0
福州,2010,247.82,262.42,3123.4
福州,2011,320.04,363.3,3736.38
福州,2012,382.02,410.73,4218.3
福州,2013,453.97,533.84,4678.5
福州,2014,510.87,574.81,5169.16
福州,2015,560.46,725.93,5618.08
福州,2016,598.91,829.93,6197.64
福州,2017,634.16,938.86,7103.4
福州,2018,680.38,924.76,7856.81
福州,2019,668.08,949.76,9392.0
福州,2020,675.61,951.4,10020.0
福州,2021,749.85,925.26,11324.48
福州,2022,698.52,1006.09,12308.23
福州,2023,754.08,1004.9,12928.0
福州,2024,750.5,1025.48,14236.76
福州,2025,,,
西宁,2006,14.16,34.31,281.61
西宁,2007,18.41,45.05,342.46
西宁,2008,23.45,67.25,422.19
西宁,2009,28.15,85.12,501.0
西宁,2010,34.52,108.92,628.3
西宁,2011,45.25,150.04,770.7
西宁,2012,54.77,185.32,851.1
西宁,2013,67.11,207.57,978.53
西宁,2014,83.88,248.14,1065.78
西宁,2015,94.79,280.03,1131.62
西宁,2016,75.22,287.81,1248.17
西宁,2017,79.16,288.37,1284.91
西宁,2018,92.94,297.48,1286.41
西宁,2019,101.79,328.04,1328.0
西宁,2020,133.51,329.51,1373.0
西宁,2021,153.87,343.8,1548.79
西宁,2022,131.72,339.04,1644.35
西宁,2023,144.09,418.75,1801.0
西宁,2024,134.46,400.98,1862.09
西宁,2025,,,
西安,2006,85.89,119.22,1473.68
西安,2007,112.92,161.25,1763.73
西安,2008,145.61,226.99,2190.04
西安,2009,181.4,276.85,2724.0
西安,2010,241.86,371.62,3241.5
西安,2011,318.55,494.58,3864.21
西安,2012,396.96,597.49,4366.1
西安,2013,501.98,729.81,4884.13
西安,2014,583.79,819.54,5492.64
西安,2015,650.99,917.24,5801.2
西安,2016,641.07,942.52,6257.18
西安,2017,654.5,1045.09,7469.85
西安,2018,684.7,1151.87,8349.86
西安,2019,702.56,1247.02,9321.0
西安,2020,724.14,1347.58,10020.0
西安,2021,856.0,1474.62,10688.28
西安,2022,834.08,1569.81,11486.51
西安,2023,951.92,1730.47,12011.0
西安,2024,1002.36,1561.85,13317.78
西安,2025,,,
贵阳,2006,61.58,88.23,602.88
贵阳,2007,75.92,106.43,693.72
贵阳,2008,88.99,142.28,811.05
贵阳,2009,105.36,169.84,972.0
贵阳,2010,136.3,204.38,1121.8
贵阳,2011,187.09,277.38,1383.07
贵阳,2012,241.19,349.33,1700.3
贵阳,2013,277.21,393.6,2085.42
贵阳,2014,331.6,448.63,2497.27
贵阳,2015,374.1,503.52,2891.16
贵阳,2016,366.32,525.26,3157.7
贵阳,2017,377.85,582.48,3537.96
贵阳,2018,411.34,624.22,3798.45
贵阳,2019,417.26,718.82,4040.0
贵阳,2020,398.13,678.16,4312.0
贵阳,2021,403.72,633.41,4711.03
贵阳,2022,402.16,727.45,4921.17
贵阳,2023,446.2,778.61,5155.0
贵阳,2024,434.09,693.05,5777.41
贵阳,2025,,,
郑州,2006,176.03,187.66,2013.48
郑州,2007,219.52,240.68,2486.75
郑州,2008,260.39,289.5,3003.99
郑州,2009,301.92,353.05,3308.0
郑州,2010,386.8,426.8,4040.9
郑州,2011,502.32,566.58,4979.85
郑州,2012,606.65,700.7,5549.8
郑州,2013,723.61,816.16,6201.9
郑州,2014,833.88,918.51,6776.99
郑州,2015,942.9,1106.02,7311.52
郑州,2016,1011.18,1321.53,8113.97
郑州,2017,1056.67,1514.95,9130.2
郑州,2018,1152.06,1763.34,10143.32
郑州,2019,1222.53,1910.67,11590.0
郑州,2020,1259.21,1720.18,12004.0
郑州,2021,1223.63,1624.44,12691.02
郑州,2022,1130.79,1456.41,12934.7
郑州,2023,1165.85,1519.62,13618.0
郑州,2024,1155.04,1525.71,14532.07
郑州,2025,,,
重庆,2006,317.72,594.25,3949.0
重庆,2007,442.7,768.39,4837.5
重庆,2008,577.57,1016.01,5978.8
重庆,2009,655.17,1292.09,6744.1
重庆,2010,952.07,1709.04,8186.5
重庆,2011,1488.33,2570.24,10314.1
重庆,2012,1703.49,3046.36,11797.8
重庆,2013,1693.24,3062.28,13275.8
重庆,2014,1922.02,3304.39,14911.7
重庆,2015,2154.83,3792.0,16305.9
重庆,2016,2227.91,4001.81,18271.1
重庆,2017,2252.38,4336.28,20260.8
重庆,2018,2265.54,4540.95,21866.8
重庆,2019,2134.93,4847.68,23689.6
重庆,2020,2094.85,4893.95,25158.1
重庆,2021,2285.45,4835.06,28092.5
重庆,2022,2103.42,4892.77,28771.8
重庆,2023,2440.77,5304.56,30614.3
重庆,2024,2595.55,5621.21,32046.7
重庆,2025,,,
银川,2006,23.61,36.12,335.29
银川,2007,27.64,48.47,408.6
银川,2008,35.81,63.04,514.11
银川,2009,44.06,72.5,578.0
银川,2010,64.04,119.92,769.4
银川,2011,96.62,147.25,986.68
银川,2012,113.13,186.74,1150.9
银川,2013,134.6,220.53,1289.02
银川,2014,153.6,263.9,1388.62
银川,2015,171.28,309.27,1493.86
银川,2016,173.2,331.07,1617.71
银川,2017,177.46,341.83,1803.26
银川,2018,173.25,363.28,1901.48
银川,2019,154.71,346.47,1897.0
银川,2020,157.26,332.36,1964.0
银川,2021,171.19,291.69,2262.95
银川,2022,168.86,356.55,2535.63
银川,2023,197.76,438.15,2686.0
银川,2024,208.44,444.46,2939.53
银川,2025,,,
长春,2006,71.59,146.67,1741.19
长春,2007,93.3,181.56,2089.09
长春,2008,119.03,240.33,2561.9
长春,2009,142.65,306.01,2849.0
长春,2010,180.85,382.93,3329.0
长春,2011,288.63,518.68,4003.08
长春,2012,340.8,555.51,4456.6
长春,2013,381.82,632.97,5003.18
长春,2014,397.32,675.84,5342.43
长春,2015,388.22,765.72,5530.03
长春,2016,415.49,770.57,5986.42
长春,2017,450.08,875.73,6530.03
长春,2018,478.01,894.34,7175.71
长春,2019,420.02,896.02,5904.0
长春,2020,440.43,1084.14,6638.0
长春,2021,617.09,966.49,7103.1
长春,2022,459.69,976.67,6744.56
长春,2023,576.52,1074.97,7002.0
长春,2024,427.48,1056.21,7632.19
长春,2025,,,
长沙,2006,132.83,167.19,1798.96
长沙,2007,174.58,218.17,2190.25
长沙,2008,205.57,260.56,3000.98
长沙,2009,246.33,314.08,3745.0
长沙,2010,314.28,403.33,4547.1
长沙,2011,425.78,520.89,5619.33
长沙,2012,490.65,624.62,6399.9
长沙,2013,536.63,701.82,7153.13
长沙,2014,632.8,802.38,7824.81
长沙,2015,718.95,925.0,8510.13
长沙,2016,743.7,1041.43,9356.91
长沙,2017,800.35,1182.6,10535.51
长沙,2018,879.71,1300.79,11003.41
长沙,2019,950.23,1425.98,11574.0
长沙,2020,1100.09,1501.23,12143.0
长沙,2021,1188.31,1541.59,13270.7
长沙,2022,1202.0,1566.26,13966.11
长沙,2023,1227.07,1626.83,14332.0
长沙,2024,1264.54,1663.94,15268.78
长沙,2025,,,
青岛,2006,225.99,236.79,3206.58
青岛,2007,292.8,321.18,3786.52
青岛,2008,342.44,369.41,4436.18
青岛,2009,377.01,433.58,4854.0
青岛,2010,452.61,532.39,5666.2
青岛,2011,566.14,658.06,6615.6
青岛,2012,670.18,765.98,7302.1
青岛,2013,788.93,1014.23,8006.6
青岛,2014,895.25,1074.71,8692.1
青岛,2015,1006.32,1222.87,9300.07
青岛,2016,1100.03,1352.85,10011.29
青岛,2017,1157.24,1403.03,11037.28
青岛,2018,1231.91,1559.78,12001.52
青岛,2019,1241.74,1575.97,11741.0
青岛,2020,1253.85,1584.65,12401.0
青岛,2021,1368.3,1706.76,14136.0
青岛,2022,1273.31,1696.17,14920.75
青岛,2023,1337.86,1718.8,15760.0
青岛,2024,1339.26,1720.42,16719.46
青岛,2025,,,
